pair	orth_rows	MP	PM	SINE	other_statuses	bundle_MP	bundle_PM	bundle_SINE	bundle_rejected	rejected_frac	dup_alignment_names
arm-dvl	84079	5784	1173	77122	0	5784	1173	77122	10016	0.1064	0
arm-unm	62988	6188	2728	54072	0	6188	2728	54072	9230	0.1278	0
arm-unp	56641	11848	9469	35324	0	11848	9469	35324	18435	0.2456	0
dva-arm	58997	927	4177	53893	0	927	4177	53893	5018	0.0784	0
dva-dvl	86736	2203	455	84078	0	2203	455	84078	8027	0.0847	0
dva-mix	61261	10935	9325	41001	0	10935	9325	41001	17782	0.2250	0
dva-nai	54795	7889	4279	42627	0	7889	4279	42627	11740	0.1764	0
dva-unm	63802	2700	2704	58398	0	2700	2704	58398	8247	0.1145	0
dva-unp	58566	8999	10679	38888	0	8999	10679	38888	18530	0.2403	0
mix-arm	58667	7953	11003	39711	0	7953	11003	39711	17116	0.2259	0
mix-dvl	83414	11776	12663	58975	0	11776	12663	58975	24188	0.2248	0
mix-unm	68462	10871	10598	46993	0	10871	10598	46993	18965	0.2169	0
mix-unp	65071	7740	7835	49496	0	7740	7835	49496	17343	0.2104	0
nai-arm	53799	7349	7438	39012	0	7349	7438	39012	12206	0.1849	0
nai-dvl	78965	9023	6038	63904	0	9023	6038	63904	17171	0.1786	0
nai-mix	59160	11177	8797	39186	0	11177	8797	39186	16963	0.2228	0
nai-unm	64229	6288	2886	55055	0	6288	2886	55055	8852	0.1211	0
nai-unp	61196	7528	4495	49173	0	7528	4495	49173	11463	0.1578	0
unm-dvl	90679	3948	3735	82996	0	3948	3735	82996	14184	0.1353	0
unp-dvl	80442	11531	12304	56607	0	11531	12304	56607	25234	0.2388	0
unp-unm	66158	10276	10606	45276	0	10276	10606	45276	19960	0.2318	0
