chunk	msf_order	n	arm	dva	dvl	mix	nai	unm	unp	cons_length	cons_best_ref	cons_identity	median_copy_identity:dar_squam1
sample_001.bnk	1	50	6	4	6	10	6	8	10	357	dar_squam1	98.3	92.4
sample_002.bnk	2	50	5	7	6	9	10	4	9	357	dar_squam1	98.3	92.7
sample_003.bnk	51	50	7	3	3	14	4	11	8	357	dar_squam1	98.0	92.6
sample_004.bnk	3	50	2	9	7	9	10	4	9	357	dar_squam1	98.3	92.2
sample_005.bnk	398	50	6	8	10	6	4	6	10	365	dar_squam1	96.9	92.2
sample_006.bnk	102	50	8	8	5	5	10	6	8	357	dar_squam1	96.9	92.7
sample_007.bnk	41	50	10	2	3	4	10	10	11	355	dar_squam1	98.0	92.7
sample_008.bnk	30	50	6	7	7	9	6	8	7	356	dar_squam1	98.3	92.7
sample_009.bnk	52	50	7	5	8	10	6	8	6	357	dar_squam1	98.0	92.8
sample_010.bnk	44	50	5	7	4	14	8	7	5	357	dar_squam1	98.0	92.3
sample_011.bnk	292	50	2	8	16	5	9	6	4	355	dar_squam1	98.0	96.9
sample_012.bnk	293	50	6	10	8	7	3	12	4	355	dar_squam1	98.0	96.9
sample_013.bnk	325	50	6	14	8	7	7	5	3	355	dar_squam1	98.0	96.8
sample_014.bnk	326	50	8	9	5	11	9	7	1	355	dar_squam1	98.0	96.9
sample_015.bnk	387	50	9	10	6	5	6	8	6	355	dar_squam1	97.5	96.6
sample_016.bnk	327	50	10	5	6	9	4	8	8	355	dar_squam1	98.0	96.9
sample_017.bnk	328	50	10	5	6	8	8	8	5	354	dar_squam1	98.0	97.0
sample_018.bnk	294	50	8	10	12	5	5	4	6	353	dar_squam1	98.0	96.5
sample_019.bnk	295	50	8	3	5	13	12	5	4	355	dar_squam1	98.0	96.3
sample_020.bnk	296	50	11	4	6	7	7	10	5	354	dar_squam1	98.0	96.3
sample_021.bnk	297	50	2	7	11	7	10	7	6	355	dar_squam1	98.0	96.3
sample_022.bnk	350	50	7	6	6	9	5	9	8	355	dar_squam1	98.3	96.6
sample_023.bnk	343	50	6	8	11	11	4	5	5	355	dar_squam1	97.7	96.3
sample_024.bnk	319	50	3	7	7	8	9	4	12	354	dar_squam1	97.7	96.3
sample_025.bnk	392	50	14	3	7	7	5	7	7	356	dar_squam1	98.6	96.6
sample_026.bnk	346	50	7	9	9	8	9	4	4	353	dar_squam1	97.7	96.0
sample_027.bnk	347	50	13	5	4	6	10	8	4	356	dar_squam1	97.7	96.0
sample_028.bnk	329	50	8	12	7	6	5	6	6	355	dar_squam1	98.0	96.3
sample_029.bnk	320	50	6	7	11	6	9	7	4	355	dar_squam1	97.7	95.8
sample_030.bnk	298	50	5	12	7	7	7	6	6	355	dar_squam1	98.0	96.1
sample_031.bnk	299	50	10	9	6	6	8	7	4	355	dar_squam1	98.0	95.8
sample_032.bnk	300	50	7	9	6	7	8	7	6	355	dar_squam1	98.0	96.0
sample_033.bnk	390	50	10	11	8	7	6	5	3	355	dar_squam1	97.2	96.1
sample_034.bnk	301	50	10	5	5	8	5	10	7	355	dar_squam1	98.0	96.2
sample_035.bnk	330	50	5	8	9	7	7	8	6	355	dar_squam1	98.0	96.0
sample_036.bnk	302	50	11	4	4	8	10	9	4	355	dar_squam1	98.0	95.9
sample_037.bnk	348	50	8	7	5	5	10	10	5	355	dar_squam1	97.7	95.9
sample_038.bnk	331	50	7	7	8	9	8	6	5	355	dar_squam1	98.0	96.0
sample_039.bnk	303	50	6	6	7	11	7	7	6	355	dar_squam1	98.0	95.9
sample_040.bnk	361	50	11	9	5	7	6	7	5	355	dar_squam1	98.6	96.1
sample_041.bnk	236	50	9	5	9	4	7	8	8	357	dar_squam1	98.9	96.3
sample_042.bnk	373	50	7	7	10	10	5	8	3	355	dar_squam1	98.3	96.6
sample_043.bnk	238	50	14	10	2	7	6	8	3	357	dar_squam1	99.2	96.8
sample_044.bnk	384	50	3	12	10	5	6	8	6	354	dar_squam1	99.4	96.7
sample_045.bnk	363	50	4	8	10	6	14	6	2	354	dar_squam1	98.6	96.6
sample_046.bnk	378	50	10	7	5	6	10	8	4	355	dar_squam1	98.0	96.3
sample_047.bnk	351	50	9	6	6	6	8	5	10	355	dar_squam1	98.3	96.0
sample_048.bnk	352	50	8	4	5	4	6	15	8	355	dar_squam1	98.3	96.0
sample_049.bnk	353	50	6	7	7	9	8	7	6	355	dar_squam1	98.3	96.0
sample_050.bnk	332	50	4	9	5	11	11	9	1	355	dar_squam1	98.0	95.8
sample_051.bnk	374	50	10	8	7	7	4	9	5	355	dar_squam1	98.3	96.0
sample_052.bnk	333	50	5	9	6	3	5	14	8	355	dar_squam1	98.0	95.8
sample_053.bnk	321	50	5	10	4	6	8	9	8	355	dar_squam1	97.7	95.7
sample_054.bnk	388	50	11	7	5	6	6	8	7	355	dar_squam1	97.5	96.0
sample_055.bnk	389	50	4	5	5	15	6	8	7	355	dar_squam1	97.5	95.5
sample_056.bnk	394	50	6	5	5	10	10	8	6	356	dar_squam1	97.7	95.5
sample_057.bnk	322	50	5	5	7	10	10	8	5	355	dar_squam1	98.3	95.7
sample_058.bnk	304	50	8	7	5	6	8	9	7	355	dar_squam1	98.0	95.5
sample_059.bnk	393	50	3	5	6	9	6	7	14	356	dar_squam1	98.0	95.7
sample_060.bnk	305	50	9	8	5	4	9	7	8	354	dar_squam1	98.0	95.6
sample_061.bnk	334	50	9	9	7	7	9	6	3	355	dar_squam1	98.0	95.5
sample_062.bnk	349	50	8	6	7	4	10	7	8	355	dar_squam1	97.5	95.1
sample_063.bnk	335	50	6	10	5	6	9	8	6	355	dar_squam1	98.0	95.6
sample_064.bnk	356	50	4	9	7	11	5	8	6	355	dar_squam1	98.3	96.3
sample_065.bnk	306	50	6	4	8	10	7	9	6	354	dar_squam1	98.0	95.8
sample_066.bnk	241	50	7	6	8	6	8	10	5	357	dar_squam1	98.3	95.8
sample_067.bnk	244	50	7	6	7	11	5	7	7	357	dar_squam1	98.9	96.0
sample_068.bnk	252	50	6	11	4	5	7	8	9	357	dar_squam1	98.0	95.8
sample_069.bnk	307	50	9	7	6	6	7	6	9	355	dar_squam1	98.0	95.7
sample_070.bnk	362	50	7	8	4	9	9	5	8	355	dar_squam1	98.6	95.8
sample_071.bnk	258	50	4	10	5	8	7	10	6	357	dar_squam1	98.3	95.4
sample_072.bnk	375	50	5	8	8	10	7	6	6	355	dar_squam1	98.6	95.8
sample_073.bnk	382	50	7	6	4	3	8	10	12	355	dar_squam1	98.6	95.7
sample_074.bnk	357	50	7	5	7	9	5	6	11	355	dar_squam1	98.3	95.4
sample_075.bnk	376	50	5	9	4	9	6	5	12	353	dar_squam1	98.6	95.7
sample_076.bnk	308	50	8	8	5	6	7	7	9	355	dar_squam1	98.0	95.2
sample_077.bnk	336	50	6	7	7	7	8	8	7	355	dar_squam1	98.0	95.2
sample_078.bnk	337	50	9	11	3	10	4	6	7	355	dar_squam1	98.0	95.2
sample_079.bnk	324	50	10	8	6	7	4	7	8	355	dar_squam1	98.3	95.5
sample_080.bnk	366	50	8	7	5	7	7	6	10	355	dar_squam1	98.6	95.7
sample_081.bnk	309	50	6	8	8	9	14	3	2	355	dar_squam1	98.0	95.2
sample_082.bnk	310	50	9	8	4	9	12	4	4	355	dar_squam1	98.0	95.2
sample_083.bnk	344	50	6	10	5	9	6	8	6	354	dar_squam1	97.7	94.9
sample_084.bnk	371	50	3	5	7	15	5	7	8	355	dar_squam1	98.3	95.5
sample_085.bnk	338	50	3	7	8	9	7	8	8	355	dar_squam1	98.0	95.2
sample_086.bnk	367	50	5	7	10	6	8	5	9	355	dar_squam1	98.6	95.5
sample_087.bnk	256	50	5	6	5	7	13	8	6	357	dar_squam1	98.3	95.7
sample_088.bnk	249	50	9	11	5	11	5	2	7	357	dar_squam1	98.3	95.8
sample_089.bnk	243	50	4	10	4	4	10	10	8	357	dar_squam1	98.3	95.7
sample_090.bnk	247	50	9	13	4	7	8	4	5	357	dar_squam1	98.6	95.4
sample_091.bnk	259	50	4	6	9	7	8	7	9	357	dar_squam1	98.0	95.4
sample_092.bnk	358	50	7	8	5	7	5	8	10	355	dar_squam1	98.3	95.2
sample_093.bnk	379	50	7	9	6	6	6	10	6	355	dar_squam1	98.3	95.4
sample_094.bnk	380	50	9	7	5	3	12	7	7	355	dar_squam1	98.3	95.2
sample_095.bnk	311	50	7	3	5	11	9	2	13	355	dar_squam1	98.0	94.9
sample_096.bnk	339	50	7	7	4	9	6	9	8	355	dar_squam1	98.0	94.6
sample_097.bnk	312	50	10	10	4	5	7	7	7	354	dar_squam1	98.0	94.9
sample_098.bnk	359	50	6	14	5	11	3	4	7	354	dar_squam1	98.3	95.2
sample_099.bnk	237	50	8	4	4	7	7	10	10	356	dar_squam1	98.3	94.9
sample_100.bnk	368	50	10	8	4	5	9	6	8	354	dar_squam1	98.6	95.0
sample_101.bnk	272	50	4	4	8	14	7	8	5	356	dar_squam1	98.6	94.9
sample_102.bnk	386	50	8	9	7	5	3	9	9	355	dar_squam1	99.2	95.2
sample_103.bnk	385	50	6	7	6	11	6	4	10	355	dar_squam1	99.4	95.5
sample_104.bnk	372	50	10	5	6	9	7	4	9	355	dar_squam1	98.3	95.1
sample_105.bnk	313	50	6	11	4	6	8	7	8	355	dar_squam1	98.0	95.1
sample_106.bnk	391	50	7	5	9	13	7	5	4	355	dar_squam1	97.5	95.2
sample_107.bnk	345	50	11	9	3	10	9	1	7	355	dar_squam1	98.3	95.2
sample_108.bnk	257	50	9	6	7	8	4	5	11	357	dar_squam1	98.3	95.2
sample_109.bnk	377	50	6	4	6	11	3	12	8	353	dar_squam1	98.3	95.3
sample_110.bnk	340	50	7	8	10	8	6	6	5	354	dar_squam1	98.0	94.6
sample_111.bnk	245	50	3	8	10	7	6	4	12	357	dar_squam1	98.9	95.2
sample_112.bnk	314	50	4	4	9	9	7	10	7	355	dar_squam1	98.0	94.9
sample_113.bnk	262	50	8	7	4	6	11	6	8	357	dar_squam1	98.6	94.9
sample_114.bnk	364	50	9	7	7	6	8	5	8	355	dar_squam1	98.6	95.4
sample_115.bnk	365	50	7	7	5	11	4	8	8	354	dar_squam1	98.6	95.2
sample_116.bnk	240	50	9	7	10	6	3	8	7	356	dar_squam1	98.9	94.9
sample_117.bnk	263	50	8	6	6	13	6	7	4	357	dar_squam1	98.9	95.3
sample_118.bnk	355	50	11	4	7	6	7	7	8	355	dar_squam1	98.6	94.9
sample_119.bnk	253	50	7	3	9	8	9	10	4	356	dar_squam1	98.0	94.6
sample_120.bnk	369	50	8	8	5	3	8	9	9	355	dar_squam1	98.6	94.8
sample_121.bnk	383	50	4	8	9	10	5	5	9	354	dar_squam1	98.9	94.9
sample_122.bnk	315	50	7	9	9	7	6	5	7	355	dar_squam1	98.0	94.6
sample_123.bnk	341	50	7	5	9	9	4	11	5	355	dar_squam1	98.0	94.4
sample_124.bnk	316	50	7	3	5	9	10	7	9	351	dar_squam1	98.0	94.6
sample_125.bnk	370	50	10	4	10	8	7	3	8	354	dar_squam1	98.6	94.9
sample_126.bnk	395	50	5	6	5	9	10	6	9	354	dar_squam1	98.9	94.6
sample_127.bnk	242	50	7	5	8	4	8	7	11	356	dar_squam1	98.6	94.5
sample_128.bnk	271	50	8	12	6	2	4	11	7	356	dar_squam1	97.2	93.8
sample_129.bnk	290	50	6	7	9	7	7	10	4	356	dar_squam1	97.7	94.5
sample_130.bnk	278	50	3	6	9	7	10	6	9	356	dar_squam1	98.3	94.6
sample_131.bnk	239	50	6	6	10	6	5	10	7	357	dar_squam1	99.2	94.8
sample_132.bnk	248	50	8	5	4	6	13	5	9	357	dar_squam1	98.6	94.5
sample_133.bnk	251	50	7	5	5	8	10	9	6	357	dar_squam1	99.2	94.7
sample_134.bnk	342	50	11	5	5	7	6	7	9	355	dar_squam1	98.0	94.2
sample_135.bnk	381	50	9	10	3	9	8	3	8	355	dar_squam1	98.3	94.4
sample_136.bnk	255	50	4	5	5	8	12	6	10	357	dar_squam1	98.0	94.3
sample_137.bnk	254	50	8	5	9	8	7	5	8	357	dar_squam1	98.0	93.8
sample_138.bnk	260	50	2	6	4	11	7	7	13	357	dar_squam1	98.3	94.3
sample_139.bnk	317	50	8	7	6	7	9	6	7	354	dar_squam1	98.0	94.0
sample_140.bnk	360	50	6	10	2	9	6	9	8	355	dar_squam1	98.3	94.0
sample_141.bnk	246	50	6	9	4	5	10	8	8	357	dar_squam1	98.9	94.2
sample_142.bnk	318	50	4	6	6	8	5	12	9	354	dar_squam1	98.0	94.0
sample_143.bnk	354	50	9	3	3	9	7	2	17	355	dar_squam1	98.3	94.0
sample_144.bnk	323	50	5	7	13	4	12	5	4	355	dar_squam1	98.3	93.5
sample_145.bnk	250	50	4	10	5	9	6	7	9	357	dar_squam1	98.3	93.7
sample_146.bnk	268	50	3	6	7	9	6	9	10	356	dar_squam1	97.7	93.5
sample_147.bnk	455	50	16	9	11	1	5	5	3	357	dar_squam1	95.4	95.0
sample_148.bnk	456	50	9	6	10	3	9	8	5	357	dar_squam1	95.4	94.8
sample_149.bnk	457	50	15	5	4	4	7	7	8	357	dar_squam1	95.4	94.5
sample_150.bnk	463	50	6	8	9	10	3	12	2	357	dar_squam1	95.1	94.7
sample_151.bnk	465	50	11	5	10	5	6	11	2	357	dar_squam1	95.4	94.6
sample_152.bnk	464	50	9	4	5	7	8	8	9	357	dar_squam1	95.1	94.4
sample_153.bnk	458	50	12	7	6	3	5	12	5	357	dar_squam1	95.4	94.2
sample_154.bnk	459	50	7	4	9	7	6	3	14	357	dar_squam1	95.7	94.2
sample_155.bnk	462	50	11	8	7	3	6	6	9	357	dar_squam1	95.4	93.9
sample_156.bnk	460	50	9	11	4	4	6	8	8	357	dar_squam1	95.7	93.9
sample_157.bnk	461	50	7	8	3	5	7	5	15	357	dar_squam1	95.7	93.8
sample_158.bnk	466	50	8	8	5	5	8	6	10	366	dar_squam1	96.9	94.4
sample_159.bnk	467	50	6	8	5	6	9	8	8	366	dar_squam1	96.6	94.6
sample_160.bnk	468	50	10	7	9	5	5	8	6	366	dar_squam1	98.0	95.7
sample_161.bnk	469	50	5	6	4	8	10	11	6	366	dar_squam1	98.0	94.3
sample_162.bnk	291	50	4	9	8	11	6	7	5	354	dar_squam1	98.0	93.5
sample_163.bnk	27	50	6	4	5	11	8	6	10	356	dar_squam1	98.0	93.1
sample_164.bnk	130	50	10	5	9	5	9	7	5	356	dar_squam1	97.7	95.2
sample_165.bnk	4	50	13	8	8	4	6	8	3	356	dar_squam1	98.3	96.0
sample_166.bnk	153	50	4	6	16	3	7	9	5	357	dar_squam1	98.3	96.3
sample_167.bnk	154	50	9	9	8	5	6	7	6	357	dar_squam1	98.3	96.1
sample_168.bnk	174	50	8	8	7	12	2	9	4	357	dar_squam1	98.6	96.3
sample_169.bnk	148	50	7	7	10	8	9	3	6	357	dar_squam1	98.3	95.8
sample_170.bnk	177	50	9	6	7	3	9	11	5	357	dar_squam1	98.9	95.8
sample_171.bnk	140	50	6	9	10	5	9	8	3	357	dar_squam1	97.8	95.4
sample_172.bnk	206	50	5	10	6	6	6	9	8	357	dar_squam1	98.6	95.9
sample_173.bnk	157	50	4	8	6	11	8	10	3	356	dar_squam1	98.6	96.3
sample_174.bnk	166	50	7	9	8	10	3	8	5	356	dar_squam1	98.0	95.8
sample_175.bnk	169	50	6	9	5	14	6	8	2	355	dar_squam1	97.5	95.2
sample_176.bnk	192	50	9	12	7	5	7	5	5	357	dar_squam1	98.6	95.7
sample_177.bnk	273	50	5	5	14	11	8	4	3	356	dar_squam1	98.3	95.5
sample_178.bnk	156	50	9	9	7	6	2	11	6	357	dar_squam1	98.0	95.2
sample_179.bnk	279	50	6	10	5	11	2	9	7	356	dar_squam1	98.6	95.8
sample_180.bnk	213	50	14	5	5	7	6	6	7	356	dar_squam1	98.6	95.2
sample_181.bnk	198	50	3	8	7	8	9	12	3	356	dar_squam1	98.3	95.5
sample_182.bnk	86	50	7	11	7	11	2	5	7	357	dar_squam1	97.8	95.7
sample_183.bnk	264	50	5	12	5	5	7	10	6	357	dar_squam1	99.4	96.3
sample_184.bnk	270	50	8	5	5	11	12	6	3	356	dar_squam1	98.9	96.0
sample_185.bnk	217	50	8	4	4	9	6	11	8	357	dar_squam1	98.9	96.0
sample_186.bnk	197	50	9	7	1	9	7	9	8	357	dar_squam1	98.3	95.7
sample_187.bnk	152	50	9	7	9	4	4	11	6	357	dar_squam1	97.8	95.4
sample_188.bnk	171	50	10	9	6	5	12	6	2	357	dar_squam1	97.8	95.2
sample_189.bnk	200	50	9	6	7	7	6	8	7	357	dar_squam1	98.6	95.6
sample_190.bnk	202	50	5	6	5	14	9	2	9	355	dar_squam1	98.3	94.9
sample_191.bnk	173	50	7	8	6	7	7	8	7	357	dar_squam1	97.5	95.2
sample_192.bnk	167	50	6	12	5	10	5	4	8	357	dar_squam1	97.8	94.8
sample_193.bnk	207	50	8	9	11	6	7	4	5	355	dar_squam1	98.9	95.4
sample_194.bnk	149	50	7	4	6	9	7	7	10	355	dar_squam1	98.3	95.1
sample_195.bnk	131	50	10	4	12	6	6	11	1	357	dar_squam1	98.0	95.0
sample_196.bnk	141	50	8	10	3	6	9	8	6	355	dar_squam1	97.7	94.7
sample_197.bnk	178	50	1	4	12	11	7	11	4	357	dar_squam1	98.9	94.7
sample_198.bnk	5	50	1	8	12	8	7	10	4	357	dar_squam1	98.3	94.9
sample_199.bnk	105	50	10	6	10	5	6	9	4	356	dar_squam1	97.5	94.3
sample_200.bnk	53	50	6	8	15	8	4	5	4	357	dar_squam1	98.0	95.1
sample_201.bnk	106	50	7	5	15	9	4	6	4	356	dar_squam1	97.5	94.9
sample_202.bnk	96	50	5	7	9	6	13	7	3	356	dar_squam1	98.0	96.0
sample_203.bnk	234	50	6	5	5	10	7	8	9	354	dar_squam1	98.0	95.8
sample_204.bnk	72	50	8	6	2	7	7	9	11	357	dar_squam1	98.3	95.1
sample_205.bnk	78	50	4	3	10	8	8	6	11	357	dar_squam1	98.0	94.6
sample_206.bnk	179	50	7	7	8	9	4	8	7	357	dar_squam1	98.9	95.4
sample_207.bnk	280	50	9	5	9	7	6	8	6	355	dar_squam1	98.6	95.4
sample_208.bnk	54	50	4	4	8	9	9	9	7	355	dar_squam1	98.0	94.8
sample_209.bnk	28	50	6	7	11	8	4	8	6	355	dar_squam1	98.3	95.1
sample_210.bnk	193	50	4	9	9	9	9	6	4	356	dar_squam1	98.6	95.2
sample_211.bnk	170	50	16	6	5	12	7	2	2	357	dar_squam1	97.5	94.7
sample_212.bnk	6	50	8	9	6	6	9	7	5	357	dar_squam1	98.3	94.8
sample_213.bnk	232	50	10	8	7	4	4	11	6	356	dar_squam1	98.0	94.6
sample_214.bnk	190	50	7	5	3	9	8	9	9	356	dar_squam1	98.3	94.9
sample_215.bnk	269	50	4	10	6	11	8	7	4	356	dar_squam1	98.3	95.2
sample_216.bnk	142	50	10	5	5	8	7	6	9	357	dar_squam1	97.8	94.9
sample_217.bnk	201	50	6	7	7	9	8	7	6	355	dar_squam1	98.6	94.6
sample_218.bnk	103	50	6	7	3	10	9	10	5	355	dar_squam1	97.5	94.6
sample_219.bnk	180	50	6	9	4	7	12	6	6	357	dar_squam1	98.9	94.5
sample_220.bnk	147	50	8	5	6	12	4	6	9	357	dar_squam1	97.5	94.6
sample_221.bnk	276	50	7	3	7	11	6	6	10	357	dar_squam1	97.2	95.1
sample_222.bnk	214	50	6	7	5	6	9	12	5	357	dar_squam1	98.6	94.9
sample_223.bnk	274	50	8	7	9	3	8	9	6	356	dar_squam1	98.3	94.7
sample_224.bnk	143	50	5	12	5	5	7	8	8	357	dar_squam1	97.8	94.4
sample_225.bnk	144	50	10	4	4	6	8	10	8	356	dar_squam1	97.7	94.3
sample_226.bnk	208	50	10	7	10	7	4	4	8	357	dar_squam1	98.9	94.9
sample_227.bnk	181	50	9	12	3	10	3	8	5	357	dar_squam1	98.9	94.8
sample_228.bnk	31	50	7	8	7	8	7	6	7	356	dar_squam1	98.6	95.1
sample_229.bnk	42	50	4	11	6	8	3	9	9	357	dar_squam1	98.0	94.6
sample_230.bnk	79	50	6	10	8	4	8	9	5	356	dar_squam1	98.0	94.6
sample_231.bnk	46	50	6	8	9	7	5	10	5	357	dar_squam1	98.3	94.4
sample_232.bnk	104	50	6	6	9	7	12	7	3	356	dar_squam1	96.9	94.1
sample_233.bnk	282	50	4	6	7	7	6	11	9	353	dar_squam1	98.9	94.9
sample_234.bnk	7	50	8	6	4	6	7	10	9	355	dar_squam1	98.3	94.6
sample_235.bnk	281	50	9	8	4	8	8	7	6	354	dar_squam1	98.3	94.9
sample_236.bnk	266	50	12	9	6	11	5	5	2	356	dar_squam1	98.9	95.4
sample_237.bnk	182	50	10	3	2	6	9	14	6	357	dar_squam1	98.9	94.9
sample_238.bnk	55	50	8	7	11	8	8	6	2	356	dar_squam1	98.0	94.6
sample_239.bnk	194	50	11	6	6	8	8	6	5	356	dar_squam1	98.6	94.6
sample_240.bnk	195	50	5	9	11	4	8	5	8	357	dar_squam1	98.6	94.2
sample_241.bnk	199	50	9	6	8	5	7	7	8	356	dar_squam1	98.3	94.7
sample_242.bnk	224	50	6	5	7	8	7	7	10	357	dar_squam1	98.6	94.6
sample_243.bnk	161	50	4	8	7	9	8	7	7	357	dar_squam1	98.0	94.4
sample_244.bnk	162	50	7	7	9	9	7	4	7	357	dar_squam1	98.3	94.3
sample_245.bnk	132	50	9	7	7	2	8	11	6	356	dar_squam1	98.0	94.3
sample_246.bnk	175	50	6	7	9	7	7	5	9	355	dar_squam1	98.6	94.3
sample_247.bnk	209	50	7	12	8	7	5	5	6	356	dar_squam1	98.9	94.8
sample_248.bnk	139	50	9	9	2	6	5	10	9	356	dar_squam1	97.7	94.3
sample_249.bnk	155	50	6	4	7	7	8	13	5	357	dar_squam1	98.3	94.6
sample_250.bnk	176	50	8	10	8	10	5	5	4	357	dar_squam1	98.6	94.7
sample_251.bnk	218	50	8	7	6	7	7	11	4	357	dar_squam1	98.9	94.4
sample_252.bnk	8	50	9	4	11	1	10	7	8	357	dar_squam1	98.3	94.4
sample_253.bnk	285	50	6	10	7	5	6	5	11	355	dar_squam1	98.6	94.1
sample_254.bnk	220	50	6	8	5	9	11	4	7	357	dar_squam1	98.9	94.1
sample_255.bnk	9	50	9	8	4	8	5	9	7	356	dar_squam1	98.3	94.3
sample_256.bnk	56	50	11	10	10	2	7	6	4	357	dar_squam1	98.0	94.2
sample_257.bnk	117	50	7	5	6	5	16	3	8	356	dar_squam1	98.0	94.1
sample_258.bnk	189	50	6	7	8	10	9	5	5	357	dar_squam1	98.6	94.3
sample_259.bnk	228	50	4	8	14	7	1	8	8	357	dar_squam1	98.3	94.4
sample_260.bnk	287	50	11	10	4	8	3	5	9	356	dar_squam1	98.6	94.6
sample_261.bnk	10	50	9	5	6	6	11	5	8	354	dar_squam1	98.3	94.0
sample_262.bnk	69	50	6	2	6	9	9	9	9	356	dar_squam1	97.7	94.5
sample_263.bnk	454	50	9	8	10	7	2	8	6	364	dar_squam1	98.0	94.1
sample_264.bnk	98	50	7	9	9	3	14	2	6	357	dar_squam1	97.8	94.1
sample_265.bnk	88	50	6	8	7	4	11	7	7	354	dar_squam1	97.7	94.1
sample_266.bnk	93	50	6	4	13	8	7	7	5	355	dar_squam1	97.5	94.1
sample_267.bnk	82	50	9	5	7	7	6	8	8	357	dar_squam1	97.5	94.2
sample_268.bnk	48	50	10	8	6	6	8	6	6	354	dar_squam1	98.6	94.0
sample_269.bnk	122	50	6	9	7	5	11	5	7	357	dar_squam1	97.5	94.1
sample_270.bnk	110	50	5	6	12	1	9	8	9	355	dar_squam1	97.2	93.8
sample_271.bnk	76	50	6	3	11	3	9	8	10	357	dar_squam1	97.8	94.2
sample_272.bnk	183	50	5	14	5	2	9	7	8	357	dar_squam1	98.9	94.4
sample_273.bnk	11	50	6	5	8	9	7	8	7	357	dar_squam1	98.3	94.1
sample_274.bnk	57	50	10	8	7	6	3	6	10	356	dar_squam1	98.0	93.8
sample_275.bnk	219	50	4	8	5	9	5	11	8	357	dar_squam1	98.9	94.0
sample_276.bnk	205	50	8	8	4	7	8	7	8	357	dar_squam1	98.0	94.3
sample_277.bnk	215	50	8	6	4	12	3	9	8	356	dar_squam1	98.6	94.1
sample_278.bnk	203	50	5	5	8	8	7	10	7	356	dar_squam1	98.3	93.8
sample_279.bnk	191	50	4	5	6	8	2	13	12	357	dar_squam1	98.3	94.3
sample_280.bnk	163	50	11	4	6	6	6	11	6	357	dar_squam1	98.0	93.8
sample_281.bnk	133	50	6	12	5	2	10	8	7	357	dar_squam1	98.0	93.8
sample_282.bnk	134	50	7	4	8	8	10	7	6	357	dar_squam1	98.0	94.2
sample_283.bnk	135	50	10	7	7	6	6	5	9	355	dar_squam1	98.0	93.9
sample_284.bnk	145	50	10	8	5	10	5	6	6	356	dar_squam1	97.7	93.9
sample_285.bnk	151	50	7	5	5	13	6	8	6	356	dar_squam1	98.0	93.8
sample_286.bnk	160	50	8	7	5	9	8	7	6	356	dar_squam1	98.6	94.6
sample_287.bnk	265	50	5	5	8	4	11	9	8	355	dar_squam1	98.9	94.7
sample_288.bnk	12	50	3	6	11	4	13	9	4	357	dar_squam1	98.3	93.8
sample_289.bnk	13	50	7	7	8	13	5	2	8	357	dar_squam1	98.3	93.7
sample_290.bnk	70	50	7	9	4	8	8	7	7	357	dar_squam1	97.8	93.8
sample_291.bnk	47	50	5	5	8	6	6	11	9	356	dar_squam1	98.3	94.0
sample_292.bnk	58	50	8	4	7	5	8	7	11	357	dar_squam1	98.0	93.8
sample_293.bnk	150	50	7	10	10	2	3	9	9	356	dar_squam1	98.3	93.8
sample_294.bnk	210	50	9	6	4	6	7	10	8	357	dar_squam1	98.9	93.9
sample_295.bnk	196	50	5	6	7	8	10	8	6	356	dar_squam1	98.6	94.1
sample_296.bnk	226	50	13	9	5	6	2	7	8	353	dar_squam1	98.6	93.9
sample_297.bnk	229	50	5	13	10	6	4	5	7	357	dar_squam1	98.3	94.0
sample_298.bnk	231	50	17	8	4	5	5	6	5	356	dar_squam1	98.0	93.8
sample_299.bnk	32	50	3	9	9	5	8	3	13	357	dar_squam1	98.6	93.8
sample_300.bnk	33	50	6	5	9	4	7	8	11	357	dar_squam1	98.6	93.8
sample_301.bnk	204	50	10	5	13	4	8	5	5	356	dar_squam1	98.3	94.0
sample_302.bnk	168	50	6	7	6	14	7	7	3	356	dar_squam1	98.3	93.9
sample_303.bnk	184	50	4	8	5	10	11	4	8	357	dar_squam1	98.9	94.1
sample_304.bnk	91	50	8	8	8	9	6	5	6	356	dar_squam1	98.0	93.4
sample_305.bnk	34	50	4	7	8	8	7	10	6	355	dar_squam1	98.6	93.9
sample_306.bnk	85	50	13	9	5	6	2	10	5	357	dar_squam1	97.5	93.4
sample_307.bnk	29	50	5	7	6	9	4	8	11	356	dar_squam1	98.3	93.5
sample_308.bnk	59	50	10	5	4	5	10	10	6	355	dar_squam1	98.0	93.5
sample_309.bnk	222	50	10	6	2	7	9	8	8	357	dar_squam1	98.9	94.3
sample_310.bnk	14	50	6	7	10	8	6	6	7	357	dar_squam1	98.3	93.5
sample_311.bnk	87	50	5	7	5	12	8	7	6	356	dar_squam1	98.0	94.1
sample_312.bnk	124	50	8	5	9	3	10	8	7	357	dar_squam1	97.5	93.7
sample_313.bnk	75	50	7	7	9	10	3	8	6	356	dar_squam1	98.0	93.7
sample_314.bnk	43	50	4	8	8	7	12	5	6	357	dar_squam1	98.0	93.7
sample_315.bnk	60	50	6	9	7	3	6	10	9	357	dar_squam1	98.0	93.4
sample_316.bnk	100	50	8	10	10	7	8	3	4	357	dar_squam1	98.9	94.2
sample_317.bnk	405	50	4	12	9	7	5	6	7	367	dar_squam1	95.8	92.6
sample_318.bnk	415	50	5	8	11	5	9	7	5	365	dar_squam1	96.0	92.4
sample_319.bnk	426	50	7	7	13	9	1	4	9	367	dar_squam1	96.9	92.8
sample_320.bnk	427	50	3	8	12	12	4	5	6	366	dar_squam1	96.9	93.7
sample_321.bnk	418	50	6	11	8	6	6	11	2	367	dar_squam1	96.3	92.9
sample_322.bnk	428	50	5	5	9	7	9	11	4	367	dar_squam1	96.6	93.0
sample_323.bnk	443	50	9	5	8	5	8	5	10	362	dar_squam1	96.9	92.8
sample_324.bnk	406	50	6	7	11	5	8	5	8	366	dar_squam1	95.8	92.4
sample_325.bnk	410	50	11	4	7	5	6	10	7	367	dar_squam1	95.5	92.0
sample_326.bnk	423	50	8	8	6	6	9	7	6	367	dar_squam1	95.5	92.0
sample_327.bnk	420	50	6	5	10	9	6	5	9	366	dar_squam1	96.1	92.6
sample_328.bnk	429	50	9	10	8	6	9	6	2	366	dar_squam1	96.6	92.5
sample_329.bnk	431	50	4	5	8	6	11	9	7	366	dar_squam1	96.9	92.6
sample_330.bnk	436	50	9	9	6	8	10	3	5	363	dar_squam1	97.2	92.8
sample_331.bnk	15	50	6	5	9	8	11	6	5	356	dar_squam1	98.3	93.5
sample_332.bnk	35	50	6	11	5	6	8	7	7	356	dar_squam1	98.6	93.6
sample_333.bnk	16	50	14	9	2	7	7	5	6	357	dar_squam1	98.3	93.6
sample_334.bnk	221	50	11	5	7	3	5	4	15	356	dar_squam1	98.6	93.6
sample_335.bnk	227	50	10	6	7	4	8	7	8	357	dar_squam1	98.6	93.8
sample_336.bnk	128	50	8	6	8	11	4	8	5	357	dar_squam1	96.6	93.1
sample_337.bnk	111	50	8	3	7	7	9	7	9	355	dar_squam1	97.2	93.2
sample_338.bnk	107	50	9	4	7	7	5	9	9	357	dar_squam1	97.5	93.4
sample_339.bnk	17	50	5	10	7	7	13	4	4	357	dar_squam1	98.3	93.3
sample_340.bnk	119	50	5	4	8	5	7	12	9	356	dar_squam1	97.7	93.8
sample_341.bnk	396	50	8	5	10	8	8	5	6	356	dar_squam1	98.0	93.2
sample_342.bnk	223	50	9	7	9	7	8	6	4	356	dar_squam1	98.9	94.4
sample_343.bnk	61	50	7	7	5	6	10	9	6	356	dar_squam1	98.0	93.1
sample_344.bnk	39	50	6	3	9	10	5	12	5	357	dar_squam1	98.6	93.8
sample_345.bnk	136	50	11	5	7	6	5	7	9	357	dar_squam1	98.0	93.7
sample_346.bnk	146	50	7	9	9	10	4	4	7	356	dar_squam1	97.7	93.5
sample_347.bnk	158	50	8	8	4	6	7	7	10	355	dar_squam1	98.6	93.5
sample_348.bnk	172	50	10	7	5	10	8	3	7	357	dar_squam1	97.8	93.5
sample_349.bnk	185	50	7	4	9	7	9	10	4	357	dar_squam1	98.9	93.3
sample_350.bnk	62	50	7	6	3	8	8	7	11	357	dar_squam1	98.0	93.4
sample_351.bnk	186	50	6	10	5	9	8	5	7	356	dar_squam1	98.9	93.9
sample_352.bnk	80	50	6	9	7	6	6	8	8	355	dar_squam1	98.0	93.4
sample_353.bnk	63	50	11	9	9	3	3	9	6	357	dar_squam1	98.0	93.4
sample_354.bnk	64	50	7	5	3	10	9	4	12	355	dar_squam1	98.0	93.5
sample_355.bnk	77	50	7	8	8	8	4	6	9	357	dar_squam1	98.0	93.3
sample_356.bnk	448	50	11	4	7	5	9	5	9	358	dar_squam1	97.5	93.5
sample_357.bnk	112	50	8	5	5	13	5	6	8	357	dar_squam1	97.2	92.9
sample_358.bnk	36	50	11	4	4	10	7	6	8	357	dar_squam1	98.6	93.4
sample_359.bnk	71	50	7	8	4	8	7	6	10	356	dar_squam1	97.7	92.7
sample_360.bnk	65	50	6	5	10	8	4	6	11	356	dar_squam1	98.0	93.3
sample_361.bnk	113	50	7	8	8	4	3	13	7	357	dar_squam1	97.2	93.2
sample_362.bnk	284	50	5	7	4	9	10	5	10	355	dar_squam1	98.6	93.4
sample_363.bnk	261	50	9	6	10	5	8	6	6	357	dar_squam1	98.0	93.4
sample_364.bnk	275	50	9	3	8	6	10	8	6	356	dar_squam1	98.9	93.5
sample_365.bnk	97	50	7	10	4	5	9	5	10	357	dar_squam1	98.3	93.4
sample_366.bnk	286	50	6	6	10	5	10	7	6	356	dar_squam1	98.9	93.7
sample_367.bnk	83	50	13	7	5	3	8	7	7	357	dar_squam1	97.8	92.8
sample_368.bnk	37	50	8	12	5	5	9	6	5	356	dar_squam1	98.6	93.4
sample_369.bnk	211	50	10	5	9	6	4	7	9	356	dar_squam1	98.9	93.3
sample_370.bnk	216	50	7	10	8	4	7	7	7	357	dar_squam1	99.2	93.4
sample_371.bnk	92	50	4	3	8	12	9	6	8	357	dar_squam1	98.3	93.0
sample_372.bnk	95	50	12	8	10	2	11	3	4	357	dar_squam1	98.3	93.2
sample_373.bnk	399	50	10	10	3	7	4	11	5	365	dar_squam1	96.3	92.4
sample_374.bnk	126	50	4	3	8	10	9	9	7	357	dar_squam1	97.2	92.5
sample_375.bnk	127	50	10	4	7	7	8	7	7	357	dar_squam1	97.2	92.7
sample_376.bnk	18	50	9	5	4	6	6	11	9	356	dar_squam1	98.3	93.1
sample_377.bnk	50	50	12	9	6	5	9	4	5	355	dar_squam1	98.3	93.0
sample_378.bnk	187	50	6	5	5	11	9	4	10	356	dar_squam1	98.9	92.7
sample_379.bnk	165	50	4	2	7	8	9	9	11	353	dar_squam1	98.0	93.0
sample_380.bnk	84	50	8	9	8	5	6	5	9	357	dar_squam1	98.0	92.6
sample_381.bnk	45	50	12	7	7	4	4	7	9	355	dar_squam1	98.0	93.1
sample_382.bnk	446	50	4	10	7	8	5	12	4	367	dar_squam1	98.0	93.3
sample_383.bnk	101	50	6	6	6	11	9	5	7	355	dar_squam1	97.7	92.9
sample_384.bnk	19	50	2	5	7	11	9	9	7	357	dar_squam1	98.3	93.3
sample_385.bnk	99	50	6	10	6	8	8	5	7	357	dar_squam1	97.8	92.8
sample_386.bnk	400	50	9	7	6	6	7	8	7	366	dar_squam1	97.5	92.5
sample_387.bnk	66	50	7	11	4	9	5	8	6	357	dar_squam1	98.0	92.8
sample_388.bnk	67	50	8	5	8	6	8	7	8	357	dar_squam1	98.0	93.3
sample_389.bnk	123	50	5	7	7	8	8	10	5	357	dar_squam1	96.9	92.2
sample_390.bnk	283	50	4	8	4	5	9	9	11	356	dar_squam1	98.9	93.4
sample_391.bnk	73	50	8	10	4	3	6	7	12	356	dar_squam1	98.3	93.1
sample_392.bnk	164	50	4	10	7	8	7	7	7	357	dar_squam1	97.8	93.0
sample_393.bnk	137	50	6	10	5	10	7	8	4	357	dar_squam1	98.0	92.9
sample_394.bnk	138	50	5	8	4	7	6	7	13	357	dar_squam1	98.0	92.7
sample_395.bnk	159	50	7	10	4	9	4	3	13	357	dar_squam1	98.6	93.0
sample_396.bnk	212	50	1	7	4	6	9	9	14	357	dar_squam1	98.9	92.9
sample_397.bnk	188	50	11	8	5	4	6	6	10	357	dar_squam1	98.9	92.9
sample_398.bnk	235	50	4	5	11	8	6	8	8	356	dar_squam1	97.7	92.9
sample_399.bnk	89	50	9	6	2	11	5	9	8	356	dar_squam1	97.7	92.4
sample_400.bnk	129	50	8	7	12	10	4	2	7	354	dar_squam1	97.2	92.7
sample_401.bnk	90	50	5	10	13	4	5	4	9	353	dar_squam1	98.0	92.4
sample_402.bnk	108	50	8	3	8	7	5	7	12	356	dar_squam1	97.5	92.4
sample_403.bnk	38	50	8	10	2	8	5	8	9	357	dar_squam1	98.6	92.8
sample_404.bnk	20	50	7	7	6	4	10	7	9	357	dar_squam1	98.3	92.6
sample_405.bnk	397	50	13	5	10	4	4	6	8	356	dar_squam1	98.0	92.1
sample_406.bnk	230	50	6	6	7	7	10	8	6	357	dar_squam1	98.3	92.8
sample_407.bnk	121	50	8	8	5	8	6	10	5	357	dar_squam1	98.0	92.0
sample_408.bnk	114	50	8	4	7	6	5	9	11	357	dar_squam1	97.2	92.0
sample_409.bnk	453	50	11	11	5	5	4	9	5	364	dar_squam1	97.8	92.1
sample_410.bnk	411	50	7	6	5	7	9	8	8	366	dar_squam1	95.5	91.3
sample_411.bnk	407	50	8	6	10	5	4	9	8	366	dar_squam1	95.8	91.7
sample_412.bnk	421	50	5	7	5	15	5	2	11	363	dar_squam1	96.0	92.0
sample_413.bnk	417	50	13	4	4	9	8	5	7	366	dar_squam1	96.1	92.1
sample_414.bnk	413	50	8	9	9	4	7	10	3	365	dar_squam1	95.8	92.2
sample_415.bnk	419	50	11	5	8	5	7	11	3	366	dar_squam1	96.3	91.8
sample_416.bnk	414	50	4	5	14	7	8	7	5	367	dar_squam1	95.5	91.0
sample_417.bnk	425	50	6	6	5	8	4	8	13	366	dar_squam1	95.2	91.5
sample_418.bnk	408	50	5	5	13	11	4	6	6	365	dar_squam1	95.8	91.2
sample_419.bnk	447	50	7	5	8	5	11	5	9	365	dar_squam1	96.3	91.0
sample_420.bnk	409	50	10	9	5	4	7	6	9	363	dar_squam1	95.7	90.9
sample_421.bnk	432	50	11	7	7	7	5	8	5	366	dar_squam1	96.1	91.3
sample_422.bnk	433	50	5	6	5	10	9	4	11	363	dar_squam1	96.0	90.8
sample_423.bnk	451	50	7	7	8	7	6	3	12	364	dar_squam1	96.6	91.7
sample_424.bnk	471	50	5	10	4	5	10	4	12	367	dar_squam1	96.6	91.7
sample_425.bnk	438	50	9	9	0	8	7	10	7	366	dar_squam1	96.9	91.8
sample_426.bnk	416	50	6	6	6	10	8	7	7	366	dar_squam1	96.1	90.5
sample_427.bnk	439	50	7	9	5	5	11	5	8	367	dar_squam1	96.9	91.5
sample_428.bnk	115	50	9	5	6	3	6	9	12	356	dar_squam1	97.2	91.5
sample_429.bnk	116	50	7	5	7	7	6	8	10	357	dar_squam1	97.2	91.6
sample_430.bnk	401	50	7	3	6	8	7	8	11	366	dar_squam1	96.6	91.7
sample_431.bnk	412	50	7	8	7	11	6	3	8	366	dar_squam1	95.5	90.7
sample_432.bnk	434	50	10	6	8	5	5	8	8	367	dar_squam1	96.1	90.8
sample_433.bnk	404	50	9	5	6	5	9	8	8	365	dar_squam1	96.9	91.4
sample_434.bnk	437	50	11	6	6	4	8	7	8	367	dar_squam1	97.5	91.5
sample_435.bnk	94	50	5	7	6	6	9	9	8	357	dar_squam1	97.8	91.6
sample_436.bnk	267	50	4	5	7	11	10	5	8	352	dar_squam1	98.3	92.4
sample_437.bnk	233	50	5	8	7	7	6	9	8	356	dar_squam1	98.9	92.9
sample_438.bnk	21	50	8	8	5	8	11	3	7	355	dar_squam1	98.3	92.4
sample_439.bnk	225	50	10	8	7	2	9	7	7	356	dar_squam1	98.6	92.5
sample_440.bnk	277	50	7	14	6	3	5	8	7	355	dar_squam1	98.6	92.4
sample_441.bnk	81	50	7	9	8	4	14	2	6	357	dar_squam1	98.0	91.9
sample_442.bnk	49	50	9	10	7	4	4	6	10	356	dar_squam1	98.6	92.0
sample_443.bnk	68	50	7	11	3	2	10	8	9	356	dar_squam1	98.0	91.6
sample_444.bnk	22	50	9	1	8	5	10	7	10	357	dar_squam1	98.3	91.7
sample_445.bnk	402	50	7	8	8	7	6	7	7	366	dar_squam1	97.8	91.8
sample_446.bnk	74	50	7	5	11	8	8	5	6	357	dar_squam1	98.3	91.9
sample_447.bnk	109	50	1	8	9	3	8	7	14	357	dar_squam1	97.5	91.5
sample_448.bnk	125	50	7	6	3	7	5	11	11	357	dar_squam1	97.2	90.7
sample_449.bnk	430	50	7	6	6	6	8	5	12	367	dar_squam1	96.6	91.1
sample_450.bnk	422	50	6	9	8	4	6	8	9	367	dar_squam1	95.8	90.3
sample_451.bnk	424	50	5	5	9	10	9	7	5	365	dar_squam1	95.5	90.3
sample_452.bnk	435	50	4	8	7	7	6	8	10	364	dar_squam1	96.3	90.5
sample_453.bnk	40	50	3	9	5	8	9	6	10	355	dar_squam1	98.6	92.3
sample_454.bnk	289	50	5	10	12	4	5	6	8	356	dar_squam1	98.6	91.6
sample_455.bnk	23	50	7	10	5	4	6	7	11	357	dar_squam1	98.3	91.8
sample_456.bnk	24	50	7	10	5	4	7	7	10	356	dar_squam1	98.3	91.6
sample_457.bnk	25	50	7	4	6	8	16	4	5	356	dar_squam1	98.3	91.6
sample_458.bnk	440	50	9	5	5	6	8	7	10	366	dar_squam1	96.9	91.0
sample_459.bnk	441	50	5	7	7	5	8	8	10	367	dar_squam1	96.9	90.8
sample_460.bnk	505	50	6	7	9	3	6	8	11	372	dar_squam1	95.5	89.7
sample_461.bnk	472	50	6	6	9	8	4	8	9	386	dar_squam1	94.9	90.4
sample_462.bnk	474	50	12	9	5	9	3	6	6	387	dar_squam1	94.9	91.0
sample_463.bnk	477	50	7	7	10	6	7	6	7	384	dar_squam1	94.9	91.0
sample_464.bnk	475	50	6	6	7	6	7	10	8	386	dar_squam1	94.9	90.5
sample_465.bnk	479	50	7	8	4	8	7	11	5	384	dar_squam1	94.9	90.7
sample_466.bnk	476	50	11	7	5	9	6	8	4	387	dar_squam1	94.9	90.0
sample_467.bnk	482	50	10	4	9	5	8	5	9	370	dar_squam1	96.0	91.3
sample_468.bnk	496	50	9	7	14	6	4	7	3	371	dar_squam1	95.5	91.8
sample_469.bnk	483	50	9	7	10	4	8	6	6	369	dar_squam1	95.2	91.8
sample_470.bnk	499	50	8	1	11	10	7	7	6	370	dar_squam1	95.8	91.8
sample_471.bnk	484	50	7	12	9	7	7	1	7	370	dar_squam1	95.2	91.3
sample_472.bnk	485	50	6	14	3	6	3	11	7	369	dar_squam1	95.2	90.9
sample_473.bnk	489	50	6	5	12	5	5	11	6	370	dar_squam1	95.5	91.5
sample_474.bnk	488	50	7	7	10	6	6	8	6	369	dar_squam1	94.9	90.9
sample_475.bnk	493	50	8	5	5	5	11	10	6	369	dar_squam1	96.1	91.9
sample_476.bnk	501	50	8	5	12	7	6	8	4	369	dar_squam1	96.6	91.8
sample_477.bnk	494	50	4	8	10	10	7	5	6	368	dar_squam1	95.8	91.5
sample_478.bnk	503	50	5	7	10	7	8	8	5	367	dar_squam1	95.5	90.9
sample_479.bnk	490	50	6	8	5	9	3	13	6	369	dar_squam1	95.8	90.7
sample_480.bnk	486	50	9	8	11	6	5	6	5	370	dar_squam1	95.2	89.9
sample_481.bnk	480	50	11	10	5	9	3	6	6	383	dar_squam1	94.9	90.0
sample_482.bnk	478	50	11	7	6	6	8	7	5	387	dar_squam1	95.5	90.1
sample_483.bnk	502	50	15	5	3	7	5	8	7	371	dar_squam1	95.2	89.8
sample_484.bnk	495	50	9	5	9	5	7	10	5	370	dar_squam1	95.5	90.1
sample_485.bnk	481	50	4	9	5	8	10	7	7	374	dar_squam1	94.9	89.5
sample_486.bnk	498	50	11	7	8	3	8	9	4	372	dar_squam1	95.8	90.2
sample_487.bnk	487	50	8	6	9	9	3	8	7	369	dar_squam1	95.2	90.2
sample_488.bnk	491	50	10	11	3	4	3	9	10	369	dar_squam1	95.2	89.6
sample_489.bnk	497	50	6	2	7	8	5	9	13	370	dar_squam1	95.5	89.8
sample_490.bnk	473	50	8	5	6	5	7	12	7	386	dar_squam1	94.9	89.1
sample_491.bnk	507	50	5	10	9	10	3	5	8	378	dar_squam1	94.7	90.9
sample_492.bnk	508	50	4	9	6	8	4	8	11	375	dar_squam1	94.3	89.5
sample_493.bnk	506	50	10	5	8	5	8	8	6	375	dar_squam1	94.4	88.9
sample_494.bnk	492	50	6	10	5	8	5	6	10	369	dar_squam1	95.5	89.6
sample_495.bnk	444	50	8	8	11	1	8	5	9	365	dar_squam1	96.6	91.0
sample_496.bnk	442	50	8	9	3	8	9	7	6	367	dar_squam1	96.6	90.1
sample_497.bnk	288	50	6	6	10	5	10	3	10	354	dar_squam1	98.3	91.4
sample_498.bnk	449	50	6	5	5	11	10	6	7	355	dar_squam1	98.3	91.1
sample_499.bnk	452	50	8	8	10	5	9	3	7	360	dar_squam1	97.5	91.1
sample_500.bnk	450	50	6	4	9	6	9	10	6	358	dar_squam1	97.5	90.6
sample_501.bnk	445	50	5	6	5	10	9	6	9	367	dar_squam1	96.9	90.0
sample_502.bnk	118	50	2	4	12	7	9	7	9	353	dar_squam1	97.7	90.5
sample_503.bnk	26	50	5	7	9	4	13	4	8	356	dar_squam1	98.3	90.5
sample_504.bnk	403	50	10	5	9	5	8	6	7	366	dar_squam1	97.5	90.0
sample_505.bnk	504	50	4	8	8	8	9	6	7	369	dar_squam1	95.2	88.2
sample_506.bnk	509	50	6	5	8	8	11	4	8	384	dar_squam1	94.6	88.8
sample_507.bnk	500	50	8	10	10	4	9	5	4	370	dar_squam1	95.2	88.2
sample_508.bnk	120	50	4	10	14	9	5	3	5	357	dar_squam1	97.8	90.3
sample_509.bnk	470	50	2	3	21	3	13	5	3	363	dar_squam1	96.6	88.2
sample_510.bnk	510	50	5	15	11	7	2	6	4	385	dar_squam1	91.8	86.1
sample_511.bnk	516	50	12	6	11	4	8	3	6	382	dar_squam1	92.8	86.6
sample_512.bnk	517	50	10	14	6	5	7	3	5	384	dar_squam1	93.4	87.1
sample_513.bnk	520	50	5	14	6	8	7	6	4	379	dar_squam1	93.3	88.3
sample_514.bnk	535	50	6	9	8	9	6	7	5	383	dar_squam1	92.6	89.0
sample_515.bnk	585	50	5	8	12	9	9	5	2	381	dar_squam1	93.3	88.7
sample_516.bnk	553	50	4	9	10	4	7	8	8	384	dar_squam1	93.7	89.0
sample_517.bnk	568	50	7	6	14	9	5	7	2	382	dar_squam1	94.2	87.9
sample_518.bnk	554	50	6	6	9	7	8	6	8	384	dar_squam1	94.0	88.7
sample_519.bnk	518	50	6	3	9	7	6	11	8	383	dar_squam1	93.9	88.4
sample_520.bnk	526	50	6	5	7	3	11	10	8	384	dar_squam1	94.0	88.6
sample_521.bnk	570	50	3	4	11	10	7	9	6	381	dar_squam1	94.2	88.2
sample_522.bnk	523	50	5	13	9	7	5	5	6	383	dar_squam1	93.9	88.9
sample_523.bnk	575	50	5	6	11	8	6	6	8	379	dar_squam1	93.3	88.6
sample_524.bnk	557	50	8	10	7	8	10	4	3	383	dar_squam1	93.9	88.6
sample_525.bnk	579	50	5	2	9	11	8	9	6	383	dar_squam1	93.9	88.4
sample_526.bnk	559	50	8	3	10	5	6	13	5	383	dar_squam1	94.5	88.1
sample_527.bnk	581	50	10	2	11	5	11	4	7	384	dar_squam1	94.2	88.4
sample_528.bnk	540	50	8	11	5	5	8	7	6	385	dar_squam1	93.1	87.8
sample_529.bnk	590	50	10	3	6	8	3	9	11	384	dar_squam1	92.8	87.5
sample_530.bnk	524	50	8	5	6	8	7	7	9	385	dar_squam1	94.3	88.4
sample_531.bnk	569	50	6	5	15	9	6	8	1	382	dar_squam1	94.8	88.5
sample_532.bnk	536	50	5	9	8	5	5	9	9	382	dar_squam1	93.0	87.5
sample_533.bnk	573	50	3	10	6	10	11	3	7	383	dar_squam1	93.1	87.7
sample_534.bnk	578	50	5	5	14	8	8	2	8	385	dar_squam1	92.8	87.7
sample_535.bnk	534	50	4	7	7	6	7	13	6	384	dar_squam1	93.4	88.1
sample_536.bnk	539	50	9	5	6	6	7	4	13	384	dar_squam1	93.1	87.6
sample_537.bnk	548	50	8	5	7	13	4	4	9	383	dar_squam1	93.1	87.7
sample_538.bnk	580	50	3	5	11	4	7	9	11	384	dar_squam1	93.7	87.1
sample_539.bnk	567	50	3	8	8	6	7	10	8	379	dar_squam1	94.2	87.1
sample_540.bnk	542	50	7	11	9	4	6	6	7	385	dar_squam1	93.4	87.3
sample_541.bnk	574	50	6	5	6	7	4	12	10	381	dar_squam1	93.6	87.4
sample_542.bnk	545	50	6	9	11	11	1	6	6	381	dar_squam1	92.8	87.3
sample_543.bnk	583	50	5	7	5	11	5	9	8	384	dar_squam1	92.6	87.1
sample_544.bnk	558	50	10	7	7	6	5	9	6	381	dar_squam1	93.6	87.1
sample_545.bnk	528	50	9	5	7	6	8	9	6	384	dar_squam1	93.7	87.5
sample_546.bnk	555	50	3	7	5	9	5	9	12	384	dar_squam1	93.4	87.8
sample_547.bnk	531	50	8	4	7	4	8	8	11	384	dar_squam1	93.4	87.4
sample_548.bnk	562	50	9	8	7	4	7	9	6	384	dar_squam1	94.5	87.3
sample_549.bnk	549	50	9	10	5	10	6	5	5	384	dar_squam1	92.8	87.6
sample_550.bnk	576	50	8	6	7	6	7	8	8	379	dar_squam1	93.5	87.7
sample_551.bnk	543	50	4	7	10	5	9	6	9	384	dar_squam1	92.8	86.7
sample_552.bnk	522	50	5	9	5	10	5	6	10	384	dar_squam1	93.4	87.1
sample_553.bnk	532	50	6	7	5	9	9	7	7	384	dar_squam1	93.4	87.2
sample_554.bnk	550	50	8	8	5	9	10	3	7	383	dar_squam1	93.1	87.1
sample_555.bnk	546	50	9	6	6	7	3	9	10	382	dar_squam1	93.6	86.7
sample_556.bnk	529	50	4	9	6	8	6	8	9	384	dar_squam1	94.0	86.9
sample_557.bnk	564	50	6	8	7	11	10	3	5	381	dar_squam1	94.2	86.9
sample_558.bnk	586	50	9	7	8	9	5	5	7	380	dar_squam1	93.9	87.1
sample_559.bnk	525	50	1	11	5	4	11	5	13	384	dar_squam1	94.0	87.6
sample_560.bnk	530	50	1	12	5	12	11	4	5	384	dar_squam1	94.0	86.9
sample_561.bnk	582	50	10	5	11	4	9	5	6	385	dar_squam1	93.1	86.9
sample_562.bnk	565	50	6	9	5	6	13	6	5	381	dar_squam1	94.5	86.9
sample_563.bnk	527	50	7	9	7	4	8	10	5	384	dar_squam1	94.0	87.8
sample_564.bnk	561	50	8	7	4	6	12	4	9	384	dar_squam1	94.0	86.6
sample_565.bnk	563	50	8	4	10	8	6	8	6	383	dar_squam1	93.1	86.4
sample_566.bnk	544	50	7	7	3	8	12	5	8	385	dar_squam1	93.1	86.6
sample_567.bnk	519	50	5	5	4	6	15	7	8	384	dar_squam1	93.4	86.4
sample_568.bnk	572	50	8	6	4	12	3	6	11	383	dar_squam1	93.1	86.6
sample_569.bnk	538	50	6	8	5	6	5	9	11	382	dar_squam1	92.6	85.7
sample_570.bnk	552	50	12	8	5	6	1	8	10	383	dar_squam1	92.0	86.7
sample_571.bnk	591	50	13	9	8	7	2	7	4	383	dar_squam1	91.4	85.8
sample_572.bnk	547	50	3	11	14	6	5	8	3	383	dar_squam1	93.1	86.3
sample_573.bnk	577	50	7	7	6	6	9	9	6	384	dar_squam1	91.7	86.7
sample_574.bnk	512	50	7	4	9	9	5	3	13	384	dar_squam1	91.4	86.3
sample_575.bnk	521	50	6	10	6	7	4	9	8	378	dar_squam1	93.9	87.0
sample_576.bnk	513	50	7	6	5	9	7	9	7	383	dar_squam1	92.8	86.3
sample_577.bnk	566	50	9	7	10	9	3	4	8	377	dar_squam1	92.4	86.3
sample_578.bnk	556	50	11	8	6	10	4	7	4	384	dar_squam1	93.7	86.0
sample_579.bnk	541	50	9	5	6	5	6	10	9	384	dar_squam1	93.4	85.8
sample_580.bnk	551	50	3	10	7	5	5	14	6	383	dar_squam1	91.7	86.0
sample_581.bnk	589	50	3	12	6	7	10	7	5	383	dar_squam1	92.0	86.1
sample_582.bnk	592	50	4	6	17	8	3	6	6	381	dar_squam1	91.4	84.6
sample_583.bnk	584	50	5	9	10	3	8	8	7	383	dar_squam1	92.5	86.0
sample_584.bnk	514	50	9	4	6	11	8	3	9	380	dar_squam1	91.1	85.3
sample_585.bnk	597	50	3	2	6	17	7	8	7	380	dar_squam1	91.9	85.9
sample_586.bnk	537	50	8	9	6	6	4	9	8	384	dar_squam1	91.7	85.2
sample_587.bnk	571	50	6	11	4	7	9	5	8	381	dar_squam1	92.5	85.4
sample_588.bnk	588	50	8	10	8	3	5	10	6	383	dar_squam1	93.1	85.9
sample_589.bnk	511	50	9	9	9	4	10	2	7	382	dar_squam1	91.4	84.3
sample_590.bnk	587	50	7	7	12	4	9	6	5	381	dar_squam1	92.0	85.0
sample_591.bnk	533	50	8	8	10	7	7	6	4	384	dar_squam1	93.4	85.4
sample_592.bnk	515	50	5	12	7	8	6	6	6	383	dar_squam1	90.3	85.0
sample_593.bnk	594	50	9	6	11	5	9	7	3	380	dar_squam1	92.2	84.5
sample_594.bnk	560	50	2	8	9	7	7	11	6	383	dar_squam1	92.6	85.3
sample_595.bnk	596	50	8	6	9	6	8	7	6	381	dar_squam1	92.5	84.5
sample_596.bnk	593	50	10	5	8	9	8	5	5	381	dar_squam1	91.7	84.2
sample_597.bnk	595	50	7	4	13	3	10	7	6	379	dar_squam1	91.6	84.0
sample_598.bnk	598	50	2	7	11	11	11	3	5	379	dar_squam1	92.7	83.6
sample_599.bnk	599	50	4	12	10	4	7	5	8	379	dar_squam1	93.9	83.5
sample_600.bnk	600	50	6	5	17	6	7	5	4	369	dar_squam1	93.2	82.8
