pattern	dva	nai	mix	arm	unp	unm	loci
PPPPPP	P	P	P	P	P	P	14529
PPPUPP	P	P	P	U	P	P	7828
PUPPPP	P	U	P	P	P	P	6981
UPUUPU	U	P	U	U	P	U	5437
PPUPUP	P	P	U	P	U	P	4718
PPPPUP	P	P	P	P	U	P	3749
PPAPAP	P	P	A	P	A	P	3392
PUUPUU	P	U	U	P	U	U	3249
AAPAAA	A	A	P	A	A	A	3069
PUUPUP	P	U	U	P	U	P	2980
PPUPPP	P	P	U	P	P	P	2916
UPPUPP	U	P	P	U	P	P	2813
UPUUUP	U	P	U	U	U	P	2787
UUPUPU	U	U	P	U	P	U	2720
UPPPPP	U	P	P	P	P	P	2691
APAAPA	A	P	A	A	P	A	2482
UPPUPU	U	P	P	U	P	U	2388
AAAAPA	A	A	A	A	P	A	2009
PUPPUP	P	U	P	P	U	P	1972
PUUPPP	P	U	U	P	P	P	1559
APPAPA	A	P	P	A	P	A	1526
AAPPAA	A	A	P	P	A	A	1407
PAAPAP	P	A	A	P	A	P	1302
UUPPPP	U	U	P	P	P	P	1293
PAAPAA	P	A	A	P	A	A	1050
PPPPPU	P	P	P	P	P	U	984
PUPUPP	P	U	P	U	P	P	976
UUPPUU	U	U	P	P	U	U	915
UPUPUU	U	P	U	P	U	U	907
AAPAPA	A	A	P	A	P	A	875
UPUPUP	U	P	U	P	U	P	870
PPAPPP	P	P	A	P	P	P	830
PPPUUP	P	P	P	U	U	P	813
APAAAP	A	P	A	A	A	P	797
PPUUUP	P	P	U	U	U	P	792
PPUUPP	P	P	U	U	P	P	782
PUPPPU	P	U	P	P	P	U	732
AAPAUA	A	A	P	A	U	A	731
UUUPUP	U	U	U	P	U	P	711
PPAPUP	P	P	A	P	U	P	691
PUPPUU	P	U	P	P	U	U	689
UUPUPP	U	U	P	U	P	P	665
PPPPAP	P	P	P	P	A	P	656
UPAPAP	U	P	A	P	A	P	629
PUUUUP	P	U	U	U	U	P	625
UUPPPU	U	U	P	P	P	U	612
UPUUPP	U	P	U	U	P	P	589
AAPPPA	A	A	P	P	P	A	572
PPUPAP	P	P	U	P	A	P	572
UPUPPP	U	P	U	P	P	P	572
PUPUUP	P	U	P	U	U	P	557
APUAPA	A	P	U	A	P	A	554
UPPPPU	U	P	P	P	P	U	540
UPPPUP	U	P	P	P	U	P	517
UPPUUP	U	P	P	U	U	P	487
APPPPA	A	P	P	P	P	A	466
AAAPAA	A	A	A	P	A	A	425
AUPAUA	A	U	P	A	U	A	377
UUPUUP	U	U	P	U	U	P	360
UUPPUP	U	U	P	P	U	P	349
AAAAAP	A	A	A	A	A	P	337
AAUAPA	A	A	U	A	P	A	326
PPUPPU	P	P	U	P	P	U	322
UUPUAU	U	U	P	U	A	U	318
UUUPPP	U	U	U	P	P	P	316
UAAPAP	U	A	A	P	A	P	303
PUPUPU	P	U	P	U	P	U	291
UPAUPU	U	P	A	U	P	U	290
PUUPPU	P	U	U	P	P	U	284
UAPUAU	U	A	P	U	A	U	264
PUAPPP	P	U	A	P	P	P	260
PPPUPU	P	P	P	U	P	U	248
PUAPUP	P	U	A	P	U	P	234
UUAUPU	U	U	A	U	P	U	233
PAAAAA	P	A	A	A	A	A	231
UUUUPP	U	U	U	U	P	P	231
UAAPAA	U	A	A	P	A	A	228
PUPUUU	P	U	P	U	U	U	202
PAPPAP	P	A	P	P	A	P	201
UPAUAP	U	P	A	U	A	P	189
PPPUAP	P	P	P	U	A	P	188
PUUUPP	P	U	U	U	P	P	176
PPAAAP	P	P	A	A	A	P	169
UUUPPU	U	U	U	P	P	U	169
AAPAAU	A	A	P	A	A	U	158
APAAPU	A	P	A	A	P	U	158
PPPPPA	P	P	P	P	P	A	156
PUAPAU	P	U	A	P	A	U	143
AAPPUA	A	A	P	P	U	A	139
UPAPPP	U	P	A	P	P	P	139
PAAPAU	P	A	A	P	A	U	135
PAUPUA	P	A	U	P	U	A	132
UPPPAP	U	P	P	P	A	P	131
XPPPPP	X	P	P	P	P	P	129
APAAUP	A	P	A	A	U	P	125
PAUPAP	P	A	U	P	A	P	125
UAPUAA	U	A	P	U	A	A	124
APPAPP	A	P	P	A	P	P	122
PAPUAP	P	A	P	U	A	P	120
UPUPPU	U	P	U	P	P	U	120
AUPAUU	A	U	P	A	U	U	119
PPPPUU	P	P	P	P	U	U	117
XPAAPA	X	P	A	A	P	A	117
APPAPU	A	P	P	A	P	U	112
PUAPUU	P	U	A	P	U	U	111
XPPAPA	X	P	P	A	P	A	110
PAAPUA	P	A	A	P	U	A	109
PAUPAA	P	A	U	P	A	A	108
UPAPUP	U	P	A	P	U	P	105
APUAUP	A	P	U	A	U	P	104
APAAPP	A	P	A	A	P	P	103
PAPPAA	P	A	P	P	A	A	103
UPAUPA	U	P	A	U	P	A	103
APAPAP	A	P	A	P	A	P	101
XAPPAA	X	A	P	P	A	A	100
AUPPUA	A	U	P	P	U	A	96
UPUUAP	U	P	U	U	A	P	96
AAPUAA	A	A	P	U	A	A	95
PPUUUU	P	P	U	U	U	U	93
UPPUPA	U	P	P	U	P	A	92
APUAAP	A	P	U	A	A	P	88
UPUPAP	U	P	U	P	A	P	86
UAPAAA	U	A	P	A	A	A	85
APUUPA	A	P	U	U	P	A	82
PPAUAP	P	P	A	U	A	P	82
PPUUPU	P	P	U	U	P	U	82
AAUPAA	A	A	U	P	A	A	80
AAUUPA	A	A	U	U	P	A	80
APPPPP	A	P	P	P	P	P	79
UPPUAP	U	P	P	U	A	P	79
AUPAPP	A	U	P	A	P	P	77
PUUUPU	P	U	U	U	P	U	77
APUAPU	A	P	U	A	P	U	76
PPAPPA	P	P	A	P	P	A	75
AUAAPU	A	U	A	A	P	U	74
AUPAAU	A	U	P	A	A	U	73
PPAPPU	P	P	A	P	P	U	72
PAPPPA	P	A	P	P	P	A	71
UUPPAU	U	U	P	P	A	U	71
PUUPUA	P	U	U	P	U	A	70
UAAUAP	U	A	A	U	A	P	68
UPAAPA	U	P	A	A	P	A	68
PUAPUA	P	U	A	P	U	A	64
PUUPAU	P	U	U	P	A	U	63
UAAAPA	U	A	A	A	P	A	63
APAUPA	A	P	A	U	P	A	62
PAAAAP	P	A	A	A	A	P	60
UUAPAU	U	U	A	P	A	U	60
UUAPUP	U	U	A	P	U	P	60
UAAPAU	U	A	A	P	A	U	57
UUAPUU	U	U	A	P	U	U	57
PPPPXP	P	P	P	P	X	P	56
PPPUUU	P	P	P	U	U	U	56
PPXPPP	P	P	X	P	P	P	56
UPUUPA	U	P	U	U	P	A	56
UAAUPA	U	A	A	U	P	A	55
UUAPPP	U	U	A	P	P	P	55
UAPUUA	U	A	P	U	U	A	54
PAUPAU	P	A	U	P	A	U	53
UAPPAA	U	A	P	P	A	A	53
UPAUUP	U	P	A	U	U	P	53
PPUPUU	P	P	U	P	U	U	52
PPUUAP	P	P	U	U	A	P	52
APPAAP	A	P	P	A	A	P	50
APPUPA	A	P	P	U	P	A	50
PPXPAP	P	P	X	P	A	P	50
UUPUUA	U	U	P	U	U	A	50
XPPPPA	X	P	P	P	P	A	48
AAAUPA	A	A	A	U	P	A	47
UAPUAP	U	A	P	U	A	P	47
UPAAPU	U	P	A	A	P	U	47
UUAAPU	U	U	A	A	P	U	47
UUPAUU	U	U	P	A	U	U	47
AAUAAP	A	A	U	A	A	P	46
PAAPPA	P	A	A	P	P	A	46
UPAAAP	U	P	A	A	A	P	46
UPPUUU	U	P	P	U	U	U	46
AAAPUA	A	A	A	P	U	A	44
AAUPUA	A	A	U	P	U	A	42
AUPUUU	A	U	P	U	U	U	42
XAPPPA	X	A	P	P	P	A	42
XPAAAP	X	P	A	A	A	P	42
AUPAPU	A	U	P	A	P	U	40
PAAUAP	P	A	A	U	A	P	40
AAAPAP	A	A	A	P	A	P	39
AUUAPU	A	U	U	A	P	U	39
PAUAAA	P	A	U	A	A	A	39
PPAUPP	P	P	A	U	P	P	39
UAPUPA	U	A	P	U	P	A	39
UAPPAP	U	A	P	P	A	P	38
UAPPAU	U	A	P	P	A	U	38
UPAUPP	U	P	A	U	P	P	38
XAPAPA	X	A	P	A	P	A	38
AAAAPU	A	A	A	A	P	U	37
AUUAUP	A	U	U	A	U	P	37
PPUPPA	P	P	U	P	P	A	37
UAUUPA	U	A	U	U	P	A	37
AAPUUA	A	A	P	U	U	A	36
AUAAUP	A	U	A	A	U	P	36
PUPPAU	P	U	P	P	A	U	35
UAUPAP	U	A	U	P	A	P	35
APUAPP	A	P	U	A	P	P	34
PPAUUP	P	P	A	U	U	P	34
PUAPPU	P	U	A	P	P	U	33
UAPAUA	U	A	P	A	U	A	33
PAPPAU	P	A	P	P	A	U	32
UAPPPA	U	A	P	P	P	A	32
UPPAPA	U	P	P	A	P	A	32
UPPPPA	U	P	P	P	P	A	32
APUUPU	A	P	U	U	P	U	31
UAPUUU	U	A	P	U	U	U	31
UUPAUA	U	U	P	A	U	A	31
AAAPPA	A	A	A	P	P	A	30
AAPPAU	A	A	P	P	A	U	30
APAPPA	A	P	A	P	P	A	30
PUUAUU	P	U	U	A	U	U	30
PAPUPA	P	A	P	U	P	A	29
PPAAPP	P	P	A	A	P	P	29
UAUPUA	U	A	U	P	U	A	29
AUPUUA	A	U	P	U	U	A	28
PAPUAA	P	A	P	U	A	A	28
PPPAPP	P	P	P	A	P	P	28
PAAAUA	P	A	A	A	U	A	27
PAAUAA	P	A	A	U	A	A	27
PAPPUA	P	A	P	P	U	A	27
PPAPXP	P	P	A	P	X	P	27
PUPPUA	P	U	P	P	U	A	27
APUUUP	A	P	U	U	U	P	26
AUAAPP	A	U	A	A	P	P	26
UAUPAA	U	A	U	P	A	A	26
UPUAPA	U	P	U	A	P	A	26
UPUAPU	U	P	U	A	P	U	25
UUPAAU	U	U	P	A	A	U	25
XPUAPA	X	P	U	A	P	A	25
AUUPUA	A	U	U	P	U	A	24
UAAAAP	U	A	A	A	A	P	24
UUAUPP	U	U	A	U	P	P	24
AAPUPA	A	A	P	U	P	A	23
PUAUUU	P	U	A	U	U	U	23
UUAUUP	U	U	A	U	U	P	23
APPPAP	A	P	P	P	A	P	22
AUAPUA	A	U	A	P	U	A	22
AUPAAA	A	U	P	A	A	A	22
PPAAUP	P	P	A	A	U	P	22
PPXPUP	P	P	X	P	U	P	22
UAUUAP	U	A	U	U	A	P	22
UPPAPU	U	P	P	A	P	U	22
UPUUAU	U	P	U	U	A	U	22
AUPPAU	A	U	P	P	A	U	21
AUUPUU	A	U	U	P	U	U	21
PUAPAP	P	U	A	P	A	P	21
PXPPPP	P	X	P	P	P	P	21
UAAPUA	U	A	A	P	U	A	21
UAPAAU	U	A	P	A	A	U	21
AAPUAU	A	A	P	U	A	U	20
APAUAP	A	P	A	U	A	P	20
APPPPU	A	P	P	P	P	U	20
APUPPA	A	P	U	P	P	A	20
AUPAUP	A	U	P	A	U	P	20
AUPPUU	A	U	P	P	U	U	20
PPPAPA	P	P	P	A	P	A	20
AAUPPA	A	A	U	P	P	A	19
APPPUP	A	P	P	P	U	P	19
PAUAUA	P	A	U	A	U	A	19
PAUUAP	P	A	U	U	A	P	19
PPPUPA	P	P	P	U	P	A	19
PPPXPP	P	P	P	X	P	P	19
PUXPPP	P	U	X	P	P	P	19
UUUAPU	U	U	U	A	P	U	19
APPAUP	A	P	P	A	U	P	18
AUUAPP	A	U	U	A	P	P	18
PAAPPU	P	A	A	P	P	U	18
UUUPAU	U	U	U	P	A	U	18
UUUPUA	U	U	U	P	U	A	18
XPPXPX	X	P	P	X	P	X	18
APAUPU	A	P	A	U	P	U	17
AUAAPA	A	U	A	A	P	A	17
AUPPPP	A	U	P	P	P	P	17
AUPPPU	A	U	P	P	P	U	17
PAPAAA	P	A	P	A	A	A	17
PUAAAU	P	U	A	A	A	U	17
PUUUAU	P	U	U	U	A	U	17
AAPAAP	A	A	P	A	A	P	16
APAPUP	A	P	A	P	U	P	16
APAXPA	A	P	A	X	P	A	16
APUPUP	A	P	U	P	U	P	16
AUPUAU	A	U	P	U	A	U	16
PAUPPA	P	A	U	P	P	A	16
PAUUUA	P	A	U	U	U	A	16
PPAAPA	P	P	A	A	P	A	16
PPPPPX	P	P	P	P	P	X	16
PPUAUP	P	P	U	A	U	P	16
PPXPXP	P	P	X	P	X	P	16
PUAAUA	P	U	A	A	U	A	16
PUPAPP	P	U	P	A	P	P	16
UPXPPP	U	P	X	P	P	P	16
APXAPA	A	P	X	A	P	A	15
AUUUUP	A	U	U	U	U	P	15
PAXPAP	P	A	X	P	A	P	15
PUUUUA	P	U	U	U	U	A	15
PXPPXP	P	X	P	P	X	P	15
UAPPUA	U	A	P	P	U	A	15
UAUPAU	U	A	U	P	A	U	15
UAUPUU	U	A	U	P	U	U	15
UPAAUP	U	P	A	A	U	P	15
UPUAUU	U	P	U	A	U	U	15
UUPPUA	U	U	P	P	U	A	15
APPUPU	A	P	P	U	P	U	14
APUUAP	A	P	U	U	A	P	14
APUUUU	A	P	U	U	U	U	14
PPUAAP	P	P	U	A	A	P	14
XPPAPP	X	P	P	A	P	P	14
AAAPAU	A	A	A	P	A	U	13
AAPPAP	A	A	P	P	A	P	13
APPUPP	A	P	P	U	P	P	13
AUPAPA	A	U	P	A	P	A	13
AUUUPU	A	U	U	U	P	U	13
PAAUAU	P	A	A	U	A	U	13
PXAPAA	P	X	A	P	A	A	13
UPPPUU	U	P	P	P	U	U	13
XPPXPP	X	P	P	X	P	P	13
AAPAPU	A	A	P	A	P	U	12
APAPPP	A	P	A	P	P	P	12
AUAUPU	A	U	A	U	P	U	12
PUAUAU	P	U	A	U	A	U	12
PUPUAU	P	U	P	U	A	U	12
PUUAUA	P	U	U	A	U	A	12
UPAAPP	U	P	A	A	P	P	12
UPUUUA	U	P	U	U	U	A	12
AUUPUP	A	U	U	P	U	P	11
PAAAAU	P	A	A	A	A	U	11
PAPUAU	P	A	P	U	A	U	11
PAUUAA	P	A	U	U	A	A	11
PPPAAP	P	P	P	A	A	P	11
PPPAUP	P	P	P	A	U	P	11
PUAPAA	P	U	A	P	A	A	11
PUAUUP	P	U	A	U	U	P	11
PXPPAA	P	X	P	P	A	A	11
UAPAPA	U	A	P	A	P	A	11
UAUAPA	U	A	U	A	P	A	11
UPAPPU	U	P	A	P	P	U	11
UPUAUP	U	P	U	A	U	P	11
XAPPUA	X	A	P	P	U	A	11
XPAPAP	X	P	A	P	A	P	11
AAAUAP	A	A	A	U	A	P	10
PAPAPA	P	A	P	A	P	A	10
PPUPXP	P	P	U	P	X	P	10
PUPPAP	P	U	P	P	A	P	10
UUAPUA	U	U	A	P	U	A	10
UUPAPU	U	U	P	A	P	U	10
XPPPPX	X	P	P	P	P	X	10
XPPXPA	X	P	P	X	P	A	10
AAPXPA	A	A	P	X	P	A	9
APUAUA	A	P	U	A	U	A	9
APUPAP	A	P	U	P	A	P	9
PPAPUU	P	P	A	P	U	U	9
PUAAPP	P	U	A	A	P	P	9
XPAAPP	X	P	A	A	P	P	9
XPPUPP	X	P	P	U	P	P	9
XPUPPP	X	P	U	P	P	P	9
XPXPPP	X	P	X	P	P	P	9
AAAAUP	A	A	A	A	U	P	8
AAPAUU	A	A	P	A	U	U	8
APPUAP	A	P	P	U	A	P	8
APPXPA	A	P	P	X	P	A	8
PAAPUP	P	A	A	P	U	P	8
PAUPUP	P	A	U	P	U	P	8
PAUPUU	P	A	U	P	U	U	8
PPAXPP	P	P	A	X	P	P	8
PUAAUP	P	U	A	A	U	P	8
UPPPXP	U	P	P	P	X	P	8
UPUAAP	U	P	U	A	A	P	8
XPAAPU	X	P	A	A	P	U	8
XPPAAP	X	P	P	A	A	P	8
XUPPPP	X	U	P	P	P	P	8
XXPPPX	X	X	P	P	P	X	8
XXPXPX	X	X	P	X	P	X	8
XXXXXX	X	X	X	X	X	X	8
AAUAPU	A	A	U	A	P	U	7
AUPUPU	A	U	P	U	P	U	7
PAAAPA	P	A	A	A	P	A	7
PAUUUU	P	A	U	U	U	U	7
PPPUXP	P	P	P	U	X	P	7
PPUAPA	P	P	U	A	P	A	7
PUPAUP	P	U	P	A	U	P	7
PXPPPX	P	X	P	P	P	X	7
PXPUXP	P	X	P	U	X	P	7
UAAPPA	U	A	A	P	P	A	7
UPAPPA	U	P	A	P	P	A	7
UPAUUU	U	P	A	U	U	U	7
XUPPUA	X	U	P	P	U	A	7
XXPPPP	X	X	P	P	P	P	7
AAUUAP	A	A	U	U	A	P	6
APAUUP	A	P	A	U	U	P	6
APAXAP	A	P	A	X	A	P	6
APPUUP	A	P	P	U	U	P	6
APUUPP	A	P	U	U	P	P	6
APXAAP	A	P	X	A	A	P	6
AUAPUU	A	U	A	P	U	U	6
AUUAPA	A	U	U	A	P	A	6
PAAPPP	P	A	A	P	P	P	6
PAAPUU	P	A	A	P	U	U	6
PAAUUA	P	A	A	U	U	A	6
PAUUAU	P	A	U	U	A	U	6
PAXPAA	P	A	X	P	A	A	6
PPAUPU	P	P	A	U	P	U	6
PPPAPU	P	P	P	A	P	U	6
PPUAPP	P	P	U	A	P	P	6
PUAUPU	P	U	A	U	P	U	6
PUPUUA	P	U	P	U	U	A	6
PUUPAP	P	U	U	P	A	P	6
PUXPUP	P	U	X	P	U	P	6
UPPUXP	U	P	P	U	X	P	6
UPXUPP	U	P	X	U	P	P	6
UUAPPU	U	U	A	P	P	U	6
UUUAUP	U	U	U	A	U	P	6
XPAPPA	X	P	A	P	P	A	6
XPPPUP	X	P	P	P	U	P	6
APAPPU	A	P	A	P	P	U	5
APUPPU	A	P	U	P	P	U	5
APXAPP	A	P	X	A	P	P	5
AUAPAU	A	U	A	P	A	U	5
AUPPUP	A	U	P	P	U	P	5
AUPUPP	A	U	P	U	P	P	5
AXPPPA	A	X	P	P	P	A	5
PAPUUA	P	A	P	U	U	A	5
PAUAAU	P	A	U	A	A	U	5
PAXPUA	P	A	X	P	U	A	5
PPUUPA	P	P	U	U	P	A	5
PPXPPU	P	P	X	P	P	U	5
PUAAUU	P	U	A	A	U	U	5
PUPAUA	P	U	P	A	U	A	5
PXUPXP	P	X	U	P	X	P	5
PXXPXP	P	X	X	P	X	P	5
UAAUPU	U	A	A	U	P	U	5
UAUPUP	U	A	U	P	U	P	5
UUAAUP	U	U	A	A	U	P	5
UUPAPP	U	U	P	A	P	P	5
UUXPPP	U	U	X	P	P	P	5
XPAXPA	X	P	A	X	P	A	5
XPPPPU	X	P	P	P	P	U	5
XPUPUP	X	P	U	P	U	P	5
XPUUPP	X	P	U	U	P	P	5
AAPPPU	A	A	P	P	P	U	4
AAUPAP	A	A	U	P	A	P	4
APAXPP	A	P	A	X	P	P	4
APPAPX	A	P	P	A	P	X	4
APPAUA	A	P	P	A	U	A	4
APPXPP	A	P	P	X	P	P	4
APUPPP	A	P	U	P	P	P	4
AXPXPA	A	X	P	X	P	A	4
PAUAAP	P	A	U	A	A	P	4
PPAPAU	P	P	A	P	A	U	4
PPAUPA	P	P	A	U	P	A	4
PPAXAP	P	P	A	X	A	P	4
PPPXPX	P	P	P	X	P	X	4
PUAAPU	P	U	A	A	P	U	4
PUAUPP	P	U	A	U	P	P	4
PUUAUP	P	U	U	A	U	P	4
PXAPXP	P	X	A	P	X	P	4
PXAXAP	P	X	A	X	A	P	4
PXPXPP	P	X	P	X	P	P	4
PXXPPP	P	X	X	P	P	P	4
UAAAPU	U	A	A	A	P	U	4
UPPAPP	U	P	P	A	P	P	4
UPXPAP	U	P	X	P	A	P	4
UUAAPP	U	U	A	A	P	P	4
UUPAAA	U	U	P	A	A	A	4
UUUUPA	U	U	U	U	P	A	4
XPPAPU	X	P	P	A	P	U	4
XPPPAP	X	P	P	P	A	P	4
XPPUPA	X	P	P	U	P	A	4
XPUAAP	X	P	U	A	A	P	4
XUPAPP	X	U	P	A	P	P	4
XXPAPP	X	X	P	A	P	P	4
AAAAPP	A	A	A	A	P	P	3
AAPAPX	A	A	P	A	P	X	3
AAPPAX	A	A	P	P	A	X	3
AAPUAP	A	A	P	U	A	P	3
AAUPAU	A	A	U	P	A	U	3
APUAUU	A	P	U	A	U	U	3
AUAAAP	A	U	A	A	A	P	3
AUPPAA	A	U	P	P	A	A	3
AUUPPP	A	U	U	P	P	P	3
AUUUPP	A	U	U	U	P	P	3
AXPAPX	A	X	P	A	P	X	3
AXPPAA	A	X	P	P	A	A	3
PAPAAP	P	A	P	A	A	P	3
PAPAUA	P	A	P	A	U	A	3
PAUUPA	P	A	U	U	P	A	3
PPPPUA	P	P	P	P	U	A	3
PPPUPX	P	P	P	U	P	X	3
PPPXUP	P	P	P	X	U	P	3
PPUUXP	P	P	U	U	X	P	3
PPXUAP	P	P	X	U	A	P	3
PPXUPP	P	P	X	U	P	P	3
PPXUXP	P	P	X	U	X	P	3
PPXXPP	P	P	X	X	P	P	3
PUPAUU	P	U	P	A	U	U	3
PUUAPP	P	U	U	A	P	P	3
PUUPPX	P	U	U	P	P	X	3
PUXPXP	P	U	X	P	X	P	3
PXAXPA	P	X	A	X	P	A	3
PXPPUX	P	X	P	P	U	X	3
UAAUUP	U	A	A	U	U	P	3
UAUAAP	U	A	U	A	A	P	3
UAUUPU	U	A	U	U	P	U	3
UAXPAP	U	A	X	P	A	P	3
UPPXPU	U	P	P	X	P	U	3
UPUPPA	U	P	U	P	P	A	3
UPXUAP	U	P	X	U	A	P	3
UUPAUP	U	U	P	A	U	P	3
UUPUAA	U	U	P	U	A	A	3
UXPPPP	U	X	P	P	P	P	3
UXPPPX	U	X	P	P	P	X	3
UXPUPX	U	X	P	U	P	X	3
XAPXPA	X	A	P	X	P	A	3
XPAPPP	X	P	A	P	P	P	3
XPPPXP	X	P	P	P	X	P	3
XPPXUP	X	P	P	X	U	P	3
XPUAPU	X	P	U	A	P	U	3
XPUAUP	X	P	U	A	U	P	3
AAPPXA	A	A	P	P	X	A	2
AAPUUU	A	A	P	U	U	U	2
AAUAUP	A	A	U	A	U	P	2
AAUUPP	A	A	U	U	P	P	2
AAXAPA	A	A	X	A	P	A	2
APAUPP	A	P	A	U	P	P	2
APPXPX	A	P	P	X	P	X	2
APUUUA	A	P	U	U	U	A	2
APUXPA	A	P	U	X	P	A	2
APXPAP	A	P	X	P	A	P	2
AUAPAA	A	U	A	P	A	A	2
AUAPPP	A	U	A	P	P	P	2
AUAPUP	A	U	A	P	U	P	2
AUPUAA	A	U	P	U	A	A	2
AUPUPA	A	U	P	U	P	A	2
AUPUUP	A	U	P	U	U	P	2
AUUPAU	A	U	U	P	A	U	2
AUUPPU	A	U	U	P	P	U	2
AUUUPA	A	U	U	U	P	A	2
AXPPPX	A	X	P	P	P	X	2
AXXAXX	A	X	X	A	X	X	2
PAAUUU	P	A	A	U	U	U	2
PAPPAX	P	A	P	P	A	X	2
PAPPXU	P	A	P	P	X	U	2
PAUAPA	P	A	U	A	P	A	2
PAUPAX	P	A	U	P	A	X	2
PAUPPP	P	A	U	P	P	P	2
PPAAPU	P	P	A	A	P	U	2
PPAPPX	P	P	A	P	P	X	2
PPPXXP	P	P	P	X	X	P	2
PPUXPP	P	P	U	X	P	P	2
PPUXUP	P	P	U	X	U	P	2
PPXPPX	P	P	X	P	P	X	2
PUAAAA	P	U	A	A	A	A	2
PUAPPA	P	U	A	P	P	A	2
PUAUAA	P	U	A	U	A	A	2
PUAUUA	P	U	A	U	U	A	2
PUPPUX	P	U	P	P	U	X	2
PUPPXU	P	U	P	P	X	U	2
PUPUAA	P	U	P	U	A	A	2
PUPXPP	P	U	P	X	P	P	2
PUUPXP	P	U	U	P	X	P	2
PUXPAU	P	U	X	P	A	U	2
PUXPUU	P	U	X	P	U	U	2
PXAPAP	P	X	A	P	A	P	2
PXAPAX	P	X	A	P	A	X	2
PXAPPP	P	X	A	P	P	P	2
PXPPAX	P	X	P	P	A	X	2
PXPPPA	P	X	P	P	P	A	2
PXPUPX	P	X	P	U	P	X	2
PXPXAP	P	X	P	X	A	P	2
PXUPAA	P	X	U	P	A	A	2
PXUUPX	P	X	U	U	P	X	2
PXXPXA	P	X	X	P	X	A	2
PXXPXU	P	X	X	P	X	U	2
UAAPPU	U	A	A	P	P	U	2
UAAPUP	U	A	A	P	U	P	2
UAAPUU	U	A	A	P	U	U	2
UAPAUU	U	A	P	A	U	U	2
UPAPXP	U	P	A	P	X	P	2
UPAUAU	U	P	A	U	A	U	2
UPAXPA	U	P	A	X	P	A	2
UPPAAP	U	P	P	A	A	P	2
UPPAUU	U	P	P	A	U	U	2
UPPPPX	U	P	P	P	P	X	2
UPPUPX	U	P	P	U	P	X	2
UPUAPP	U	P	U	A	P	P	2
UPXPUP	U	P	X	P	U	P	2
UPXPXP	U	P	X	P	X	P	2
UPXUUP	U	P	X	U	U	P	2
UUAPAA	U	U	A	P	A	A	2
UUAUPA	U	U	A	U	P	A	2
UUPPAA	U	U	P	P	A	A	2
UUPUPA	U	U	P	U	P	A	2
UUUAPA	U	U	U	A	P	A	2
UUUPAA	U	U	U	P	A	A	2
UUUPAP	U	U	U	P	A	P	2
UXPPAA	U	X	P	P	A	A	2
UXPUXP	U	X	P	U	X	P	2
UXPXPX	U	X	P	X	P	X	2
XAAXAP	X	A	A	X	A	P	2
XAPUPA	X	A	P	U	P	A	2
XAUPPA	X	A	U	P	P	A	2
XPAAUP	X	P	A	A	U	P	2
XPPXXP	X	P	P	X	X	P	2
XPUAPP	X	P	U	A	P	P	2
XPUPPA	X	P	U	P	P	A	2
XPUUPA	X	P	U	U	P	A	2
XPUXPP	X	P	U	X	P	P	2
XPUXUP	X	P	U	X	U	P	2
XPXPAP	X	P	X	P	A	P	2
XPXXPX	X	P	X	X	P	X	2
XUPAUP	X	U	P	A	U	P	2
XUPPPU	X	U	P	P	P	U	2
XUPPUP	X	U	P	P	U	P	2
XUPXPU	X	U	P	X	P	U	2
XUUPPP	X	U	U	P	P	P	2
XXAAPP	X	X	A	A	P	P	2
XXAPPP	X	X	A	P	P	P	2
XXPAPA	X	X	P	A	P	A	2
XXPAPX	X	X	P	A	P	X	2
XXPUPX	X	X	P	U	P	X	2
XXPXPP	X	X	P	X	P	P	2
XXXXAX	X	X	X	X	A	X	2
AAAPUU	A	A	A	P	U	U	1
AAAUPU	A	A	A	U	P	U	1
AAPAXA	A	A	P	A	X	A	1
AAPPPP	A	A	P	P	P	P	1
AAPPUU	A	A	P	P	U	U	1
AAPPXU	A	A	P	P	X	U	1
AAPXPX	A	A	P	X	P	X	1
AAUPPU	A	A	U	P	P	U	1
AAUUPU	A	A	U	U	P	U	1
AAUUUP	A	A	U	U	U	P	1
AAXPPA	A	A	X	P	P	A	1
APAAPX	A	P	A	A	P	X	1
APAAXP	A	P	A	A	X	P	1
APAXPU	A	P	A	X	P	U	1
APAXXP	A	P	A	X	X	P	1
APPAAU	A	P	P	A	A	U	1
APPAXA	A	P	P	A	X	A	1
APPAXP	A	P	P	A	X	P	1
APPPPX	A	P	P	P	P	X	1
APPUPX	A	P	P	U	P	X	1
APPUUA	A	P	P	U	U	A	1
APPXAP	A	P	P	X	A	P	1
APPXPU	A	P	P	X	P	U	1
APUAAU	A	P	U	A	A	U	1
APUXAA	A	P	U	X	A	A	1
APUXXP	A	P	U	X	X	P	1
APXAUP	A	P	X	A	U	P	1
APXPPA	A	P	X	P	P	A	1
APXPXP	A	P	X	P	X	P	1
AUAPPA	A	U	A	P	P	A	1
AUAUPA	A	U	A	U	P	A	1
AUAUPP	A	U	A	U	P	P	1
AUAUUP	A	U	A	U	U	P	1
AUAXPP	A	U	A	X	P	P	1
AUPPAP	A	U	P	P	A	P	1
AUPPPA	A	U	P	P	P	A	1
AUPXPP	A	U	P	X	P	P	1
AUPXUP	A	U	P	X	U	P	1
AUXAPP	A	U	X	A	P	P	1
AXAAXX	A	X	A	A	X	X	1
AXAPPA	A	X	A	P	P	A	1
AXAPXP	A	X	A	P	X	P	1
AXPAXA	A	X	P	A	X	A	1
AXPPAU	A	X	P	P	A	U	1
AXPPXA	A	X	P	P	X	A	1
AXPXAP	A	X	P	X	A	P	1
AXPXXA	A	X	P	X	X	A	1
AXUXAP	A	X	U	X	A	P	1
AXUXPP	A	X	U	X	P	P	1
AXUXXA	A	X	U	X	X	A	1
AXXAPA	A	X	X	A	P	A	1
AXXAPP	A	X	X	A	P	P	1
AXXPXP	A	X	X	P	X	P	1
AXXXPX	A	X	X	X	P	X	1
PAAAPP	P	A	A	A	P	P	1
PAAPAX	P	A	A	P	A	X	1
PAAPUX	P	A	A	P	U	X	1
PAAUPA	P	A	A	U	P	A	1
PAAXAX	P	A	A	X	A	X	1
PAPPPU	P	A	P	P	P	U	1
PAPPUU	P	A	P	P	U	U	1
PAPUXA	P	A	P	U	X	A	1
PAUPUX	P	A	U	P	U	X	1
PAUPXA	P	A	U	P	X	A	1
PAUUUP	P	A	U	U	U	P	1
PAXPUP	P	A	X	P	U	P	1
PAXPXA	P	A	X	P	X	A	1
PAXUAP	P	A	X	U	A	P	1
PAXUXA	P	A	X	U	X	A	1
PPAAXP	P	P	A	A	X	P	1
PPAXPA	P	P	A	X	P	A	1
PPAXUP	P	P	A	X	U	P	1
PPAXXP	P	P	A	X	X	P	1
PPPAPX	P	P	P	A	P	X	1
PPPAXP	P	P	P	A	X	P	1
PPPPAU	P	P	P	P	A	U	1
PPPPXU	P	P	P	P	X	U	1
PPPXAP	P	P	P	X	A	P	1
PPPXPU	P	P	P	X	P	U	1
PPPXXU	P	P	P	X	X	U	1
PPUAUU	P	P	U	A	U	U	1
PPUPAU	P	P	U	P	A	U	1
PPUPUX	P	P	U	P	U	X	1
PPUUAU	P	P	U	U	A	U	1
PPUXPX	P	P	U	X	P	X	1
PPUXXP	P	P	U	X	X	P	1
PPUXXU	P	P	U	X	X	U	1
PPXAPP	P	P	X	A	P	P	1
PPXPPA	P	P	X	P	P	A	1
PPXUUP	P	P	X	U	U	P	1
PPXXPX	P	P	X	X	P	X	1
PPXXXP	P	P	X	X	X	P	1
PUAPUX	P	U	A	P	U	X	1
PUAPXP	P	U	A	P	X	P	1
PUAXPP	P	U	A	X	P	P	1
PUPAAU	P	U	P	A	A	U	1
PUPAPU	P	U	P	A	P	U	1
PUPPPX	P	U	P	P	P	X	1
PUPPXP	P	U	P	P	X	P	1
PUPUPA	P	U	P	U	P	A	1
PUPUXP	P	U	P	U	X	P	1
PUPXPU	P	U	P	X	P	U	1
PUPXXX	P	U	P	X	X	X	1
PUUAAA	P	U	U	A	A	A	1
PUUAAP	P	U	U	A	A	P	1
PUUAAU	P	U	U	A	A	U	1
PUUAPA	P	U	U	A	P	A	1
PUUAPU	P	U	U	A	P	U	1
PUUPPA	P	U	U	P	P	A	1
PUUPXU	P	U	U	P	X	U	1
PUUUXP	P	U	U	U	X	P	1
PUUXUA	P	U	U	X	U	A	1
PUXAPP	P	U	X	A	P	P	1
PUXAUP	P	U	X	A	U	P	1
PXAPPA	P	X	A	P	P	A	1
PXAPPX	P	X	A	P	P	X	1
PXAPUX	P	X	A	P	U	X	1
PXAPXU	P	X	A	P	X	U	1
PXPAPX	P	X	P	A	P	X	1
PXPPAP	P	X	P	P	A	P	1
PXPPXU	P	X	P	P	X	U	1
PXPPXX	P	X	P	P	X	X	1
PXPUPP	P	X	P	U	P	P	1
PXPUUA	P	X	P	U	U	A	1
PXPUXX	P	X	P	U	X	X	1
PXPXPX	P	X	P	X	P	X	1
PXPXXX	P	X	P	X	X	X	1
PXUAXA	P	X	U	A	X	A	1
PXUPAX	P	X	U	P	A	X	1
PXUPPP	P	X	U	P	P	P	1
PXUPPX	P	X	U	P	P	X	1
PXUPUX	P	X	U	P	U	X	1
PXUPXU	P	X	U	P	X	U	1
PXUUAP	P	X	U	U	A	P	1
PXUUXP	P	X	U	U	X	P	1
PXXPAP	P	X	X	P	A	P	1
PXXPXX	P	X	X	P	X	X	1
PXXUPP	P	X	X	U	P	P	1
PXXXXP	P	X	X	X	X	P	1
UAPPUU	U	A	P	P	U	U	1
UAPPXA	U	A	P	P	X	A	1
UAPUPX	U	A	P	U	P	X	1
UAPUUP	U	A	P	U	U	P	1
UAUAPU	U	A	U	A	P	U	1
UAUAUP	U	A	U	A	U	P	1
UAUPPP	U	A	U	P	P	P	1
UAUUUP	U	A	U	U	U	P	1
UAXPAA	U	A	X	P	A	A	1
UPAAUA	U	P	A	A	U	A	1
UPAPAU	U	P	A	P	A	U	1
UPAPPX	U	P	A	P	P	X	1
UPAXAP	U	P	A	X	A	P	1
UPAXPU	U	P	A	X	P	U	1
UPPAUP	U	P	P	A	U	P	1
UPPPXU	U	P	P	P	X	U	1
UPPXPP	U	P	P	X	P	P	1
UPUAUA	U	P	U	A	U	A	1
UPUPAU	U	P	U	P	A	U	1
UPUPPX	U	P	U	P	P	X	1
UPUPUA	U	P	U	P	U	A	1
UPUXAX	U	P	U	X	A	X	1
UPUXPP	U	P	U	X	P	P	1
UPXAPA	U	P	X	A	P	A	1
UPXUPA	U	P	X	U	P	A	1
UPXXAP	U	P	X	X	A	P	1
UUAAAP	U	U	A	A	A	P	1
UUAAPA	U	U	A	A	P	A	1
UUAPAP	U	U	A	P	A	P	1
UUPPPX	U	U	P	P	P	X	1
UUPPUX	U	U	P	P	U	X	1
UUPUXP	U	U	P	U	X	P	1
UUPXPP	U	U	P	X	P	P	1
UUPXPU	U	U	P	X	P	U	1
UUPXPX	U	U	P	X	P	X	1
UUUAPP	U	U	U	A	P	P	1
UUUUAP	U	U	U	U	A	P	1
UUXPUA	U	U	X	P	U	A	1
UUXUXP	U	U	X	U	X	P	1
UUXXPP	U	U	X	X	P	P	1
UUXXPU	U	U	X	X	P	U	1
UXAPUP	U	X	A	P	U	P	1
UXAXUA	U	X	A	X	U	A	1
UXPPPU	U	X	P	P	P	U	1
UXPPXP	U	X	P	P	X	P	1
UXPUAU	U	X	P	U	A	U	1
UXUPPP	U	X	U	P	P	P	1
UXXPPP	U	X	X	P	P	P	1
UXXXPP	U	X	X	X	P	P	1
XAAPAP	X	A	A	P	A	P	1
XAAPPA	X	A	A	P	P	A	1
XAAPPP	X	A	A	P	P	P	1
XAPPAP	X	A	P	P	A	P	1
XAPPXA	X	A	P	P	X	A	1
XAPXAP	X	A	P	X	A	P	1
XAXPAP	X	A	X	P	A	P	1
XAXXAX	X	A	X	X	A	X	1
XPAAPX	X	P	A	A	P	X	1
XPAPPU	X	P	A	P	P	U	1
XPAPPX	X	P	A	P	P	X	1
XPAPUP	X	P	A	P	U	P	1
XPAPXP	X	P	A	P	X	P	1
XPAUAP	X	P	A	U	A	P	1
XPAUPA	X	P	A	U	P	A	1
XPAXAP	X	P	A	X	A	P	1
XPAXPP	X	P	A	X	P	P	1
XPAXPU	X	P	A	X	P	U	1
XPAXUP	X	P	A	X	U	P	1
XPPAUA	X	P	P	A	U	A	1
XPPAUP	X	P	P	A	U	P	1
XPPUPU	X	P	P	U	P	U	1
XPPXAP	X	P	P	X	A	P	1
XPPXPU	X	P	P	X	P	U	1
XPPXXU	X	P	P	X	X	U	1
XPUAAA	X	P	U	A	A	A	1
XPUPAP	X	P	U	P	A	P	1
XPUPPX	X	P	U	P	P	X	1
XPUXPA	X	P	U	X	P	A	1
XPUXPX	X	P	U	X	P	X	1
XPXAAP	X	P	X	A	A	P	1
XPXAPP	X	P	X	A	P	P	1
XPXAUP	X	P	X	A	U	P	1
XPXPPA	X	P	X	P	P	A	1
XPXPUP	X	P	X	P	U	P	1
XPXPXP	X	P	X	P	X	P	1
XPXUPP	X	P	X	U	P	P	1
XPXXPA	X	P	X	X	P	A	1
XPXXUP	X	P	X	X	U	P	1
XPXXUX	X	P	X	X	U	X	1
XUAAPP	X	U	A	A	P	P	1
XUAPPP	X	U	A	P	P	P	1
XUAXPX	X	U	A	X	P	X	1
XUPAPA	X	U	P	A	P	A	1
XUPAPU	X	U	P	A	P	U	1
XUPPAA	X	U	P	P	A	A	1
XUPPPX	X	U	P	P	P	X	1
XUPPUX	X	U	P	P	U	X	1
XUPUPX	X	U	P	U	P	X	1
XUPUUP	X	U	P	U	U	P	1
XUPXPP	X	U	P	X	P	P	1
XUPXPX	X	U	P	X	P	X	1
XUPXUA	X	U	P	X	U	A	1
XUPXUP	X	U	P	X	U	P	1
XUPXUX	X	U	P	X	U	X	1
XUUAPP	X	U	U	A	P	P	1
XUXPPP	X	U	X	P	P	P	1
XUXPUA	X	U	X	P	U	A	1
XUXXPP	X	U	X	X	P	P	1
XUXXXU	X	U	X	X	X	U	1
XXAXAX	X	X	A	X	A	X	1
XXAXPA	X	X	A	X	P	A	1
XXPPPA	X	X	P	P	P	A	1
XXPPUX	X	X	P	P	U	X	1
XXPUAX	X	X	P	U	A	X	1
XXPUPP	X	X	P	U	P	P	1
XXPXXP	X	X	P	X	X	P	1
XXPXXX	X	X	P	X	X	X	1
XXUAPP	X	X	U	A	P	P	1
XXUPPX	X	X	U	P	P	X	1
XXUUPX	X	X	U	U	P	X	1
XXUXXX	X	X	U	X	X	X	1
XXXAXX	X	X	X	A	X	X	1
XXXPPP	X	X	X	P	P	P	1
XXXPXX	X	X	X	P	X	X	1
XXXXAA	X	X	X	X	A	A	1
XXXXPA	X	X	X	X	P	A	1
XXXXPX	X	X	X	X	P	X	1
XXXXXA	X	X	X	X	X	A	1
XXXXXP	X	X	X	X	X	P	1
