species	chrom	start	end	sites	groups
dva	JAWWNG010000025.1	5043350	5197510	5	PSG0005822,PSG0005823,PSG0005824,PSG0005825,PSG0005826
dva	JAWWNG010001098.1	204897	234612	3	PSG0005824,PSG0005825,PSG0005826
dva	JAWWNG010000038.1	6132367	6167971	4	PSG0007994,PSG0007995,PSG0007994,PSG0007995
dva	JAWWNG010000151.1	171186	180024	3	PSG0024077,PSG0024078,PSG0024079
dva	JAWWNG010000044.1	165750	206844	3	PSG0010674,PSG0010675,PSG0010676
dva	JAWWNG010000925.1	311793	352879	3	PSG0010674,PSG0010675,PSG0010676
dva	JAWWNG010000150.1	1997750	2157698	3	PSG0024063,PSG0024064,PSG0024065
dva	JAWWNG010000260.1	377650	391666	4	PSG0024075,PSG0024077,PSG0024078,PSG0024079
dva	JAWWNG010000188.1	1806723	1954425	3	PSG0026962,PSG0026963,PSG0026964
dva	JAWWNG010001352.1	136147	283302	3	PSG0026962,PSG0026963,PSG0026964
dva	JAWWNG010000801.1	1608420	1682068	3	PSG0068646,PSG0068647,PSG0038313
dva	JAWWNG010000350.1	275821	289737	4	PSG0040442,PSG0040443,PSG0040444,PSG0040445
dva	JAWWNG010001136.1	265554	279472	4	PSG0040442,PSG0040443,PSG0040444,PSG0040445
dva	JAWWNG010000379.1	256086	278216	3	PSG0042219,PSG0042220,PSG0042221
dva	JAWWNG010001430.1	31055	53227	3	PSG0042219,PSG0042220,PSG0042221
dva	JAWWNG010000505.1	2744368	2907687	3	PSG0053307,PSG0053308,PSG0053309
dva	JAWWNG010000854.1	62833	226231	3	PSG0053307,PSG0053308,PSG0053309
dva	JAWWNG010000588.1	168971	215938	3	PSG0057755,PSG0057756,PSG0057757
dva	JAWWNG010003207.1	10819	59786	3	PSG0058785,PSG0058783,PSG0058782
dva	JAWWNG010000634.1	200033	277224	3	PSG0060131,PSG0060132,PSG0060133
dva	JAWWNG010000639.1	1201216	1315386	3	PSG0060272,PSG0060273,PSG0060274
dva	JAWWNG010000782.1	1266222	1483376	4	PSG0060279,PSG0060274,PSG0060273,PSG0060272
dva	JAWWNG010000653.1	1567749	1593630	3	PSG0060934,PSG0060935,PSG0060936
dva	JAWWNG010000755.1	1497985	1552959	3	PSG0066397,PSG0066398,PSG0066399
dva	JAWWNG010002495.1	9980	141892	3	PSG0068646,PSG0068647,PSG0068649
dva	JAWWNG010001600.1	39997	204704	3	PSG0069150,PSG0069153,PSG0069156
dva	JAWWNG010001084.1	104459	360770	3	PSG0070097,PSG0070096,PSG0070093
dva	JAWWNG010001549.1	61471	136417	3	PSG0094054,PSG0094055,PSG0094056
dva	JAWWNG010000937.1	526689	622421	3	PSG0074460,PSG0074461,PSG0074462
dva	JAWWNG010002133.1	15891	111592	3	PSG0074462,PSG0074461,PSG0074460
dva	JAWWNG010000962.1	2501994	2537352	3	PSG0075411,PSG0075412,PSG0075413
dva	JAWWNG010002985.1	63856	99227	3	PSG0075413,PSG0075412,PSG0075411
dva	JAWWNG010002564.1	5736	116684	3	PSG0077099,PSG0077101,PSG0077106
dva	JAWWNG010001003.1	237849	367472	3	PSG0077312,PSG0077313,PSG0077314
dva	JAWWNG010001173.1	49274	51619	3	PSG0082775,PSG0082775,PSG0077692
dva	JAWWNG010002929.1	14446	74878	5	PSG0079139,PSG0111403,PSG0111403,PSG0079141,PSG0079142
dva	JAWWNG010001453.1	69743	172797	5	PSG0079685,PSG0079684,PSG0079683,PSG0079679,PSG0079677
dva	JAWWNG010001075.1	94731	137513	3	PSG0079683,PSG0079684,PSG0079685
dva	JAWWNG010001440.1	376376	413039	3	PSG0091524,PSG0091525,PSG0091526
dva	JAWWNG010003178.1	24512	66366	3	PSG0091524,PSG0091525,PSG0091526
dvl	JAIXNF010031652.1	21869	31071	3	PSG0038318,PSG0038318,PSG0038320
dvl	JAIXNF010031102.1	6972	31582	3	PSG0034780,PSG0034777,PSG0034777
dvl	JAIXNF010026800.1	4368	9174	3	PSG0083308,PSG0083310,PSG0083310
dvl	JAIXNF010031535.1	21774	26644	3	PSG0101611,PSG0101609,PSG0101609
nai	JAWWNI010000212.1	1198517	1204451	4	PSG0073727,PSG0073727,PSG0073726,PSG0073726
mix	JAWWNH010000029.1	4134545	4151440	3	PSG0013554,PSG0013552,PSG0122101
mix	JAWWNH010000029.1	4572545	4615240	3	PSG0069153,PSG0069151,PSG0069150
mix	JAWWNH010000029.1	27209090	27340055	3	PSG0058583,PSG0058578,PSG0058574
mix	JAWWNH010000017.1	2359	95001	3	PSG0029415,PSG0029407,PSG0029403
mix	JAWWNH010000136.1	2863595	2869150	3	PSG0056806,PSG0056806,PSG0046836
mix	JAWWNH010000003.1	11688334	11974423	3	PSG0073383,PSG0073386,PSG0073397
mix	JAWWNH010000003.1	27739452	27878532	3	PSG0093247,PSG0093259,PSG0093264
mix	JAWWNH010000260.1	382702	441573	3	PSG0125397,PSG0027478,PSG0027484
mix	JAWWNH010000054.1	27914883	27918941	3	PSG0066944,PSG0005333,PSG0066944
mix	JAWWNH010000049.1	8802571	8945162	3	PSG0011691,PSG0011687,PSG0011686
mix	JAWWNH010000100.1	5950506	6165383	4	PSG0011691,PSG0011687,PSG0011686,PSG0011680
mix	JAWWNH010000106.1	5936125	5956428	3	PSG0080494,PSG0080490,PSG0080489
mix	JAWWNH010000190.1	630392	633921	4	PSG0074624,PSG0074624,PSG0074623,PSG0074623
mix	JAWWNH010000024.1	2005129	2057246	3	PSG0023706,PSG0023706,PSG0073495
mix	JAWWNH010000075.1	13427	230266	4	PSG0128761,PSG0089652,PSG0100696,PSG0100694
mix	JAWWNH010000075.1	5367438	5539248	3	PSG0082694,PSG0082696,PSG0082701
mix	JAWWNH010000320.1	6193	65372	3	PSG0027484,PSG0027478,PSG0125397
mix	JAWWNH010000088.1	2583236	2589913	3	PSG0078632,PSG0059820,PSG0059820
mix	JAWWNH010000041.1	73651	113880	3	PSG0118077,PSG0083299,PSG0083294
mix	JAWWNH010000156.1	63657	115909	3	PSG0066613,PSG0139703,PSG0066616
mix	JAWWNH010000097.1	268665	474133	3	PSG0053532,PSG0073383,PSG0073386
mix	JAWWNH010000154.1	323453	380348	3	PSG0066613,PSG0139703,PSG0066616
mix	JAWWNH010000323.1	39537	59835	3	PSG0080494,PSG0080490,PSG0080489
arm	JAWWNF010000576.1	1951843	1973420	3	PSG0007995,PSG0007994,PSG0007994
arm	JAWWNF010000552.1	2298535	2337735	3	PSG0063724,PSG0063724,PSG0063724
unp	JAWDKN010000127.1	3213664	3219324	3	PSG0022735,PSG0022735,PSG0022735
unp	JAWDKN010000135.1	591571	632919	3	PSG0074557,PSG0100258,PSG0100258
unp	JAWDKN010000032.1	8760523	8768878	4	PSG0102343,PSG0102343,PSG0102342,PSG0102342
unm	JAWDKO010000055.1	5483442	5483906	5	PSG0093813,PSG0093813,PSG0093813,PSG0093813,PSG0093813
unm	JAWDKO010000021.1	4645325	4645663	3	PSG0059890,PSG0059890,PSG0059890
unm	JAWDKO010000045.1	2929646	2936278	3	PSG0057757,PSG0057757,PSG0100546
unm	JAWDKO010000047.1	5795849	5807042	3	PSG0055883,PSG0055883,PSG0023917
