pattern	dva	dvl	nai	mix	arm	unp	unm	groups
PPPPPPP	P	P	P	P	P	P	P	19973
PPXPPPP	P	P	X	P	P	P	P	9557
PPPPXPP	P	P	P	P	X	P	P	9204
PPPUPUP	P	P	P	U	P	U	P	7204
PPPPPUP	P	P	P	P	P	U	P	5139
UUPUUPU	U	U	P	U	U	P	U	4801
PPPAPAP	P	P	P	A	P	A	P	4083
PPUUPUU	P	P	U	U	P	U	U	4009
AAAPAAA	A	A	A	P	A	A	A	3804
PPPUPPP	P	P	P	U	P	P	P	3665
AAPAAPA	A	A	P	A	A	P	A	2996
XPPPPPP	X	P	P	P	P	P	P	2573
UUPPUPU	U	U	P	P	U	P	U	2431
AAAAAPA	A	A	A	A	A	P	A	2405
PPUUPUP	P	P	U	U	P	U	P	2177
XPPPXPP	X	P	P	P	X	P	P	2155
UUPUUUP	U	U	P	U	U	U	P	2068
AAPPAPA	A	A	P	P	A	P	A	1617
AAAPPAA	A	A	A	P	P	A	A	1571
PPUUUUU	P	P	U	U	U	U	U	1539
PPAAPAP	P	P	A	A	P	A	P	1530
UPUPUUU	U	P	U	P	U	U	U	1490
XPXPPPP	X	P	X	P	P	P	P	1435
PPXUPPP	P	P	X	U	P	P	P	1431
PPPPPPU	P	P	P	P	P	P	U	1326
PPUPPUP	P	P	U	P	P	U	P	1256
PPAAPAA	P	P	A	A	P	A	A	1255
UUUPUPU	U	U	U	P	U	P	U	1094
PPXPXPP	P	P	X	P	X	P	P	1037
UUUPPUU	U	U	U	P	P	U	U	1001
AAAPAPA	A	A	A	P	A	P	A	984
AAPAAAP	A	A	P	A	A	A	P	953
UPUUUPU	U	P	U	U	U	P	U	951
PPPAPPP	P	P	P	A	P	P	P	941
UPPUUUP	U	P	P	U	U	U	P	899
UPUUPUU	U	P	U	U	P	U	U	896
PPPAPUP	P	P	P	A	P	U	P	796
PPPPPAP	P	P	P	P	P	A	P	775
PPUPPUU	P	P	U	P	P	U	U	739
AAAPAUA	A	A	A	P	A	U	A	738
PXPPPPP	P	X	P	P	P	P	P	716
XPPAPAP	X	P	P	A	P	A	P	629
PPPUUUP	P	P	P	U	U	U	P	617
XPPUPUP	X	P	P	U	P	U	P	611
PPUPPPU	P	P	U	P	P	P	U	589
PPPUPAP	P	P	P	U	P	A	P	588
PPPPXUP	P	P	P	P	X	U	P	584
UUPPPPU	U	U	P	P	P	P	U	566
AAAPPPA	A	A	A	P	P	P	A	565
UUUPPPU	U	U	U	P	P	P	U	557
UUPPUPP	U	U	P	P	U	P	P	545
UPPUUPU	U	P	P	U	U	P	U	527
AAPUAPA	A	A	P	U	A	P	A	503
AAAAPAA	A	A	A	A	P	A	A	478
AAPPPPA	A	A	P	P	P	P	A	472
PXXPPPP	P	X	X	P	P	P	P	468
UPUPUPU	U	P	U	P	U	P	U	460
UMUUUUU	U	M	U	U	U	U	U	457
PPPUPPU	P	P	P	U	P	P	U	450
XPPUPPP	X	P	P	U	P	P	P	450
UPUUUUP	U	P	U	U	U	U	P	438
UUPPPPP	U	U	P	P	P	P	P	409
PPPPUPP	P	P	P	P	U	P	P	407
AAAAAAP	A	A	A	A	A	A	P	406
UPPPPPP	U	P	P	P	P	P	P	377
XPPPPUP	X	P	P	P	P	U	P	350
UPPUPUP	U	P	P	U	P	U	P	349
UUXPUPP	U	U	X	P	U	P	P	341
PPXAPPP	P	P	X	A	P	P	P	338
PPUPXUP	P	P	U	P	X	U	P	336
PPPXPPP	P	P	P	X	P	P	P	326
UUPUUPP	U	U	P	U	U	P	P	326
XPAAPAP	X	P	A	A	P	A	P	321
PUPPPPP	P	U	P	P	P	P	P	305
PUUUPUU	P	U	U	U	P	U	U	304
UPUAUUU	U	P	U	A	U	U	U	299
PPUUPPU	P	P	U	U	P	P	U	286
UUPPUUP	U	U	P	P	U	U	P	286
PUPUPUP	P	U	P	U	P	U	P	283
UUPAUPU	U	U	P	A	U	P	U	274
AAAUAPA	A	A	A	U	A	P	A	272
PXPUPUP	P	X	P	U	P	U	P	272
AAUPAUA	A	A	U	P	A	U	A	267
UPPPUPU	U	P	P	P	U	P	U	266
PUXPPPP	P	U	X	P	P	P	P	260
UPPPUPP	U	P	P	P	U	P	P	258
UUAPUAU	U	U	A	P	U	A	U	239
PPAPPAP	P	P	A	P	P	A	P	237
PAUUPUU	P	A	U	U	P	U	U	235
PPPUUPP	P	P	P	U	U	P	P	232
PPXXPPP	P	P	X	X	P	P	P	219
XPUUPUP	X	P	U	U	P	U	P	219
XPXPXPP	X	P	X	P	X	P	P	219
UPUUUAU	U	P	U	U	U	A	U	217
XPUUPUU	X	P	U	U	P	U	U	216
PPAAAAA	P	P	A	A	A	A	A	210
PPUUUUP	P	P	U	U	U	U	P	210
XPAAPAA	X	P	A	A	P	A	A	209
XPXUPPP	X	P	X	U	P	P	P	205
PPPPXAP	P	P	P	P	X	A	P	199
PPXPUPP	P	P	X	P	U	P	P	198
UPPUUPP	U	P	P	U	U	P	P	196
UUUPUAU	U	U	U	P	U	A	U	196
PAPUPUP	P	A	P	U	P	U	P	189
PPUAPUP	P	P	U	A	P	U	P	185
PXPPXPP	P	X	P	P	X	P	P	183
PXPAPAP	P	X	P	A	P	A	P	177
PPAAPAU	P	P	A	A	P	A	U	176
PXPPPUP	P	X	P	P	P	U	P	173
UPPPPUP	U	P	P	P	P	U	P	173
PPPAAAP	P	P	P	A	A	A	P	171
UUPUPUP	U	U	P	U	P	U	P	171
PPPPPXP	P	P	P	P	P	X	P	167
PPUPXPU	P	P	U	P	X	P	U	165
PPPPPPA	P	P	P	P	P	P	A	164
UPPUUUU	U	P	P	U	U	U	U	164
AAPAAPU	A	A	P	A	A	P	U	163
PPPXXPP	P	P	P	X	X	P	P	161
PPPUXPP	P	P	P	U	X	P	P	159
PPPPUUP	P	P	P	P	U	U	P	155
UPPPUUP	U	P	P	P	U	U	P	155
UPXPPPP	U	P	X	P	P	P	P	155
UAUPUUU	U	A	U	P	U	U	U	153
AAAPAAU	A	A	A	P	A	A	U	151
PPUPUUU	P	P	U	P	U	U	U	151
PPPPXPU	P	P	P	P	X	P	U	150
PPAUPAP	P	P	A	U	P	A	P	147
PPUAPAU	P	P	U	A	P	A	U	140
UUUAUPU	U	U	U	A	U	P	U	140
UPUPPUU	U	P	U	P	P	U	U	137
UPUUPUP	U	P	U	U	P	U	P	137
XPPAPPP	X	P	P	A	P	P	P	133
PXPUPPP	P	X	P	U	P	P	P	130
PPUAPUU	P	P	U	A	P	U	U	129
AAPPAPP	A	A	P	P	A	P	P	127
UUPAUAP	U	U	P	A	U	A	P	127
PPAUPUA	P	P	A	U	P	U	A	126
XPPPPAP	X	P	P	P	P	A	P	126
XPUPPUP	X	P	U	P	P	U	P	126
PUPPPUP	P	U	P	P	P	U	P	125
XAPAAPA	X	A	P	A	A	P	A	124
UPPUPPP	U	P	P	U	P	P	P	123
UUXPPPP	U	U	X	P	P	P	P	120
PPAUPAA	P	P	A	U	P	A	A	119
PPPPPXU	P	P	P	P	P	X	U	118
XPPPPPU	X	P	P	P	P	P	U	118
PAUUUUU	P	A	U	U	U	U	U	116
PPXPPXP	P	P	X	P	P	X	P	116
AAPPAPU	A	A	P	P	A	P	U	112
PPPXPAP	P	P	P	X	P	A	P	112
UUXUUPP	U	U	X	U	U	P	P	112
XAPPAPA	X	A	P	P	A	P	A	112
AAPAAUP	A	A	P	A	A	U	P	111
PPAPXAP	P	P	A	P	X	A	P	111
PAPPPPP	P	A	P	P	P	P	P	110
XPPPXUP	X	P	P	P	X	U	P	110
XAAPPAA	X	A	A	P	P	A	A	106
XXXXXXX	X	X	X	X	X	X	X	106
XXXPXPX	X	X	X	P	X	P	X	105
PPPXPUP	P	P	P	X	P	U	P	104
PXUUPUU	P	X	U	U	P	U	U	104
PPAAPUA	P	P	A	A	P	U	A	103
PPUPPPP	P	P	U	P	P	P	P	103
PPXPPXU	P	P	X	P	P	X	U	103
AAPAAPP	A	A	P	A	A	P	P	101
AUAPAAA	A	U	A	P	A	A	A	101
PPAPPAA	P	P	A	P	P	A	A	100
PPPPUPU	P	P	P	P	U	P	U	100
UPUAUAU	U	P	U	A	U	A	U	100
PUPUUUP	P	U	P	U	U	U	P	99
UAUUUPU	U	A	U	U	U	P	U	97
UUAPUAA	U	U	A	P	U	A	A	97
AAAPPUA	A	A	A	P	P	U	A	95
PAAAAAA	P	A	A	A	A	A	A	94
PPPAPXP	P	P	P	A	P	X	P	94
AAUPAAA	A	A	U	P	A	A	A	93
PPAPPPA	P	P	A	P	P	P	A	93
XXPPPPP	X	X	P	P	P	P	P	93
PMXPPPP	P	M	X	P	P	P	P	91
AAXPAPA	A	A	X	P	A	P	A	90
UAPUUUP	U	A	P	U	U	U	P	90
APAAAAA	A	P	A	A	A	A	A	89
XPPXXPP	X	P	P	X	X	P	P	88
AAXPAPP	A	A	X	P	A	P	P	87
PAUUPUP	P	A	U	U	P	U	P	87
UPAUUUA	U	P	A	U	U	U	A	87
UUPPPUP	U	U	P	P	P	U	P	87
AAPUAAP	A	A	P	U	A	A	P	84
PPPUUPU	P	P	P	U	U	P	U	84
UPPPPPU	U	P	P	P	P	P	U	84
AAPAPAP	A	A	P	A	P	A	P	83
PUPPXPP	P	U	P	P	X	P	P	83
UPAUUAU	U	P	A	U	U	A	U	83
UUUPUUP	U	U	U	P	U	U	P	83
AAPUAUP	A	A	P	U	A	U	P	82
UAPAAPA	U	A	P	A	A	P	A	82
XPPXPPP	X	P	P	X	P	P	P	82
PUPUPPP	P	U	P	U	P	P	P	80
PXXUPPP	P	X	X	U	P	P	P	80
AUPAAPA	A	U	P	A	A	P	A	78
XXPPXPX	X	X	P	P	X	P	X	78
PMPPPPP	P	M	P	P	P	P	P	77
PPPAPPU	P	P	P	A	P	P	U	77
UAUUPUU	U	A	U	U	P	U	U	77
AAAPUAA	A	A	A	P	U	A	A	76
AAUPAUU	A	A	U	P	A	U	U	76
PXUUPUP	P	X	U	U	P	U	P	76
XXPPXPP	X	X	P	P	X	P	P	76
PUPAPAP	P	U	P	A	P	A	P	75
UUPAUPA	U	U	P	A	U	P	A	74
AAPAUPA	A	A	P	A	U	P	A	73
AAUPPUA	A	A	U	P	P	U	A	73
PPPAXPP	P	P	P	A	X	P	P	73
PXPAPPP	P	X	P	A	P	P	P	72
XPPAPUP	X	P	P	A	P	U	P	72
XPPUPAP	X	P	P	U	P	A	P	71
PPPAPPA	P	P	P	A	P	P	A	70
PPPXPXP	P	P	P	X	P	X	P	69
PUUUPUP	P	U	U	U	P	U	P	69
UPUPPPU	U	P	U	P	P	P	U	69
UUPUPPU	U	U	P	U	P	P	U	69
XPUPXUP	X	P	U	P	X	U	P	69
PXAAPAA	P	X	A	A	P	A	A	67
PXAAPAP	P	X	A	A	P	A	P	67
PXPPPAP	P	X	P	P	P	A	P	67
UAAPAAA	U	A	A	P	A	A	A	66
UUPPUPA	U	U	P	P	U	P	A	66
PPUPUPU	P	P	U	P	U	P	U	65
AAAAUPA	A	A	A	A	U	P	A	64
PPPAUAP	P	P	P	A	U	A	P	64
UUUUPUP	U	U	U	U	P	U	P	64
PAAAPAA	P	A	A	A	P	A	A	63
PPAUPAU	P	P	A	U	P	A	U	63
PPUPXUU	P	P	U	P	X	U	U	63
PPUUUPU	P	P	U	U	U	P	U	63
XPXAPPP	X	P	X	A	P	P	P	63
PUXUPPP	P	U	X	U	P	P	P	62
UPPUPPU	U	P	P	U	P	P	U	62
AAPUAPU	A	A	P	U	A	P	U	61
PPUUPAU	P	P	U	U	P	A	U	61
UUPUUAP	U	U	P	U	U	A	P	61
PPXXPXP	P	P	X	X	P	X	P	59
UUPUUPA	U	U	P	U	U	P	A	59
UUUUPPU	U	U	U	U	P	P	U	59
PXAUPUA	P	X	A	U	P	U	A	58
UPUUPPU	U	P	U	U	P	P	U	58
UUUPPAU	U	U	U	P	P	A	U	58
AAPPAAP	A	A	P	P	A	A	P	57
PPAAAAP	P	P	A	A	A	A	P	57
UPUPUUP	U	P	U	P	U	U	P	57
AAPPXPA	A	A	P	P	X	P	A	56
PAPUPPP	P	A	P	U	P	P	P	56
PPUUPUA	P	P	U	U	P	U	A	56
PPXPPPX	P	P	X	P	P	P	X	56
PPXUUPP	P	P	X	U	U	P	P	56
UAPUUPU	U	A	P	U	U	P	U	56
UPPPXPP	U	P	P	P	X	P	P	56
AAPPPPP	A	A	P	P	P	P	P	55
PPAAPPA	P	P	A	A	P	P	A	55
UPUUAUU	U	P	U	U	A	U	U	55
XPXXPPP	X	P	X	X	P	P	P	55
PXPAPUP	P	X	P	A	P	U	P	54
PPPPXPX	P	P	P	P	X	P	X	53
PUPPPPU	P	U	P	P	P	P	U	53
PUUPUUU	P	U	U	P	U	U	U	53
XXXPPPP	X	X	X	P	P	P	P	53
AAAPXPA	A	A	A	P	X	P	A	52
PPPPPPX	P	P	P	P	P	P	X	52
PPPPXXU	P	P	P	P	X	X	U	52
PPXPPAP	P	P	X	P	P	A	P	52
PXPPPPU	P	X	P	P	P	P	U	52
UPUPPUP	U	P	U	P	P	U	P	52
AAUAAPU	A	A	U	A	A	P	U	51
PPUUPPP	P	P	U	U	P	P	P	51
UAAAAPA	U	A	A	A	A	P	A	50
PXPUPAP	P	X	P	U	P	A	P	49
UUPAUUP	U	U	P	A	U	U	P	49
UUPUPPP	U	U	P	U	P	P	P	49
XPUPPPU	X	P	U	P	P	P	U	49
AAUPAAU	A	A	U	P	A	A	U	48
PPPAXAP	P	P	P	A	X	A	P	48
PXUPPUP	P	X	U	P	P	U	P	48
UMPUUPU	U	M	P	U	U	P	U	48
UUPPXPP	U	U	P	P	X	P	P	48
UUPPUUU	U	U	P	P	U	U	U	47
XXXPXXX	X	X	X	P	X	X	X	47
AAAUPAA	A	A	A	U	P	A	A	46
PPUPUUP	P	P	U	P	U	U	P	46
PXXPXPP	P	X	X	P	X	P	P	46
UUPAAPU	U	U	P	A	A	P	U	46
XPUUUUU	X	P	U	U	U	U	U	46
AAPXAPA	A	A	P	X	A	P	A	45
PPAXPAP	P	P	A	X	P	A	P	45
UUAAUAP	U	U	A	A	U	A	P	45
XAPAAAP	X	A	P	A	A	A	P	45
XAPPPPA	X	A	P	P	P	P	A	45
PPXPXPX	P	P	X	P	X	P	X	44
UUPXUPU	U	U	P	X	U	P	U	44
XXXXXPX	X	X	X	X	X	P	X	44
APAAPAA	A	P	A	A	P	A	A	43
AUPPAPA	A	U	P	P	A	P	A	43
PUUPPUU	P	U	U	P	P	U	U	43
UPAAUAU	U	P	A	A	U	A	U	43
PAPPPUP	P	A	P	P	P	U	P	42
PPAPPAU	P	P	A	P	P	A	U	42
UUAPUUA	U	U	A	P	U	U	A	42
UUUAAPU	U	U	U	A	A	P	U	42
XPPPXAP	X	P	P	P	X	A	P	42
AAAUUPA	A	A	A	U	U	P	A	41
PPPUXUP	P	P	P	U	X	U	P	41
PPUAPUA	P	P	U	A	P	U	A	41
UAPPAPA	U	A	P	P	A	P	A	41
AAPUUPA	A	A	P	U	U	P	A	40
PAPAPAP	P	A	P	A	P	A	P	40
PPPPXXP	P	P	P	P	X	X	P	40
XAAPAPA	X	A	A	P	A	P	A	40
AAAUAAP	A	A	A	U	A	A	P	39
AXPPAPA	A	X	P	P	A	P	A	39
PMPUPUP	P	M	P	U	P	U	P	39
PUUUUUP	P	U	U	U	U	U	P	39
UPXPUPP	U	P	X	P	U	P	P	39
XPPUPPU	X	P	P	U	P	P	U	39
XPPUXPP	X	P	P	U	X	P	P	39
PPAPPUA	P	P	A	P	P	U	A	38
XXXPXPP	X	X	X	P	X	P	P	38
AAAXAAA	A	A	A	X	A	A	A	37
AAXAAPP	A	A	X	A	A	P	P	37
XAAPPPA	X	A	A	P	P	P	A	37
AUAAAPA	A	U	A	A	A	P	A	36
UPPAPAP	U	P	P	A	P	A	P	36
UUAPPAU	U	U	A	P	P	A	U	36
XPAPXAP	X	P	A	P	X	A	P	36
APUUUUU	A	P	U	U	U	U	U	35
PPPUPUU	P	P	P	U	P	U	U	35
PPXPXXP	P	P	X	P	X	X	P	35
PUXPUPP	P	U	X	P	U	P	P	35
PXUPPUU	P	X	U	P	P	U	U	35
AAPPUPA	A	A	P	P	U	P	A	34
PUUPPUP	P	U	U	P	P	U	P	34
UAPPUPU	U	A	P	P	U	P	U	34
UMPPUPU	U	M	P	P	U	P	U	34
UPUUUUA	U	P	U	U	U	U	A	34
XPUPPUU	X	P	U	P	P	U	U	34
AAAAPPA	A	A	A	A	P	P	A	33
AXPAAPA	A	X	P	A	A	P	A	33
UUUPAUU	U	U	U	P	A	U	U	33
UUXUPPP	U	U	X	U	P	P	P	33
XPAAPAU	X	P	A	A	P	A	U	33
XPAPPAP	X	P	A	P	P	A	P	33
XPPPXPU	X	P	P	P	X	P	U	33
XXXPPPX	X	X	X	P	P	P	X	33
APUUAUU	A	P	U	U	A	U	U	32
PPXAPAP	P	P	X	A	P	A	P	32
PXPUUUP	P	X	P	U	U	U	P	32
PXUUUUU	P	X	U	U	U	U	U	32
UAPUAPA	U	A	P	U	A	P	A	32
UUAPAAA	U	U	A	P	A	A	A	32
UUUPPUP	U	U	U	P	P	U	P	32
XPPPUPP	X	P	P	P	U	P	P	32
XUPUPUP	X	U	P	U	P	U	P	32
PAPAAAP	P	A	P	A	A	A	P	31
PMPPPUP	P	M	P	P	P	U	P	31
PPUPPAU	P	P	U	P	P	A	U	31
PPXPPPA	P	P	X	P	P	P	A	31
UAUUUUP	U	A	U	U	U	U	P	31
UUAAUPA	U	U	A	A	U	P	A	31
XPXPUPP	X	P	X	P	U	P	P	31
PMPAPAP	P	M	P	A	P	A	P	30
PPAPXAA	P	P	A	P	X	A	A	30
PPAXPAA	P	P	A	X	P	A	A	30
PUAAPAA	P	U	A	A	P	A	A	30
UPAUUUU	U	P	A	U	U	U	U	30
UUAPPAA	U	U	A	P	P	A	A	30
UUPAAAP	U	U	P	A	A	A	P	30
PPXUPXP	P	P	X	U	P	X	P	29
PUPUUPU	P	U	P	U	U	P	U	29
UUUPUUA	U	U	U	P	U	U	A	29
XPUPXPU	X	P	U	P	X	P	U	29
AAUAAUP	A	A	U	A	A	U	P	28
PPAPXPA	P	P	A	P	X	P	A	28
PPPPAPP	P	P	P	P	A	P	P	28
PUPPUPU	P	U	P	P	U	P	U	28
PUPUUUU	P	U	P	U	U	U	U	28
PXUUPUA	P	X	U	U	P	U	A	28
UUAAAPA	U	U	A	A	A	P	A	28
UUPUPUU	U	U	P	U	P	U	U	28
XUPPPPP	X	U	P	P	P	P	P	28
AAAAPAP	A	A	A	A	P	A	P	27
AAPAPPA	A	A	P	A	P	P	A	27
AUPAAAP	A	U	P	A	A	A	P	27
PPPUPXP	P	P	P	U	P	X	P	27
UUAPUUU	U	U	A	P	U	U	U	27
XPUAPUP	X	P	U	A	P	U	P	27
AAAAAPU	A	A	A	A	A	P	U	26
AAAAPUA	A	A	A	A	P	U	A	26
AAAXPAA	A	A	A	X	P	A	A	26
AUPUAPA	A	U	P	U	A	P	A	26
PPPUPPA	P	P	P	U	P	P	A	26
PPPXPPU	P	P	P	X	P	P	U	26
PUPPUPP	P	U	P	P	U	P	P	26
UAUPUPU	U	A	U	P	U	P	U	26
UUPAAPA	U	U	P	A	A	P	A	26
UUPAUPP	U	U	P	A	U	P	P	26
PPAAXAP	P	P	A	A	X	A	P	25
PUAAPAP	P	U	A	A	P	A	P	25
UAPUPUP	U	A	P	U	P	U	P	25
XXPUPUP	X	X	P	U	P	U	P	25
AAAPPAU	A	A	A	P	P	A	U	24
AAAUPUA	A	A	A	U	P	U	A	24
AAAXAPA	A	A	A	X	A	P	A	24
AAUUAUP	A	A	U	U	A	U	P	24
PPUAPAA	P	P	U	A	P	A	A	24
PUPUPPU	P	U	P	U	P	P	U	24
UPAAUAA	U	P	A	A	U	A	A	24
UPXUPPP	U	P	X	U	P	P	P	24
UUAAPAA	U	U	A	A	P	A	A	24
UXUPUUU	U	X	U	P	U	U	U	24
XPAAAAA	X	P	A	A	A	A	A	24
XPPXPAP	X	P	P	X	P	A	P	24
XUXPPPP	X	U	X	P	P	P	P	24
XXPPPUP	X	X	P	P	P	U	P	24
AAPPXPP	A	A	P	P	X	P	P	23
APPAPAP	A	P	P	A	P	A	P	23
PAPUUUP	P	A	P	U	U	U	P	23
PPPAAPP	P	P	P	A	A	P	P	23
PPPPXPA	P	P	P	P	X	P	A	23
PPUAPPU	P	P	U	A	P	P	U	23
PPXAPXP	P	P	X	A	P	X	P	23
PPXUXPP	P	P	X	U	X	P	P	23
PUPUUPP	P	U	P	U	U	P	P	23
PXUUAUU	P	X	U	U	A	U	U	23
UAPAAAP	U	A	P	A	A	A	P	23
UPPAPUP	U	P	P	A	P	U	P	23
UUAPAAU	U	U	A	P	A	A	U	23
UUPPUAP	U	U	P	P	U	A	P	23
UUPUAPU	U	U	P	U	A	P	U	23
UUUAPUU	U	U	U	A	P	U	U	23
XPAUPAP	X	P	A	U	P	A	P	23
XPPPXXP	X	P	P	P	X	X	P	23
XPPUUUP	X	P	P	U	U	U	P	23
XPXPPXU	X	P	X	P	P	X	U	23
XXPPPPX	X	X	P	P	P	P	X	23
AAUPAPU	A	A	U	P	A	P	U	22
AAUUAPU	A	A	U	U	A	P	U	22
PPAAUAP	P	P	A	A	U	A	P	22
PPUAPAP	P	P	U	A	P	A	P	22
PPUPPUA	P	P	U	P	P	U	A	22
PPXPPXX	P	P	X	P	P	X	X	22
UAPUUUU	U	A	P	U	U	U	U	22
AAPAXPA	A	A	P	A	X	P	A	21
PPAAUAA	P	P	A	A	U	A	A	21
PPPAAUP	P	P	P	A	A	U	P	21
PPPUUAP	P	P	P	U	U	A	P	21
PPUUUAU	P	P	U	U	U	A	U	21
PPXXXPP	P	P	X	X	X	P	P	21
PXPUPPU	P	X	P	U	P	P	U	21
PXUAPUP	P	X	U	A	P	U	P	21
UUPAPAP	U	U	P	A	P	A	P	21
UUPPPAP	U	U	P	P	P	A	P	21
UUUPXUU	U	U	U	P	X	U	U	21
AAAPUUA	A	A	A	P	U	U	A	20
AAPPAPX	A	A	P	P	A	P	X	20
PPAAPPU	P	P	A	A	P	P	U	20
PPAUAAA	P	P	A	U	A	A	A	20
PPPXPPX	P	P	P	X	P	P	X	20
PPUAUUU	P	P	U	A	U	U	U	20
PXAPPPA	P	X	A	P	P	P	A	20
PXUAPUU	P	X	U	A	P	U	U	20
UAAPAUA	U	A	A	P	A	U	A	20
UAAPPAA	U	A	A	P	P	A	A	20
UPPAUAP	U	P	P	A	U	A	P	20
UUAUUAP	U	U	A	U	U	A	P	20
UUPPPUU	U	U	P	P	P	U	U	20
UXUPUPU	U	X	U	P	U	P	U	20
XPXPXPX	X	P	X	P	X	P	X	20
XUUUPUU	X	U	U	U	P	U	U	20
AAPAUAP	A	A	P	A	U	A	P	19
AAPUUUP	A	A	P	U	U	U	P	19
AAXUAPP	A	A	X	U	A	P	P	19
PMXUPPP	P	M	X	U	P	P	P	19
PPUXPUP	P	P	U	X	P	U	P	19
PPXAPAA	P	P	X	A	P	A	A	19
PXAUPAA	P	X	A	U	P	A	A	19
UAAPUAA	U	A	A	P	U	A	A	19
UMPUUUP	U	M	P	U	U	U	P	19
UUAPUPA	U	U	A	P	U	P	A	19
XXPPXPA	X	X	P	P	X	P	A	19
AAAXAUA	A	A	A	X	A	U	A	18
AAXPPPA	A	A	X	P	P	P	A	18
APPAAAP	A	P	P	A	A	A	P	18
PPPUPXU	P	P	P	U	P	X	U	18
PPUUXUP	P	P	U	U	X	U	P	18
PPXPAPP	P	P	X	P	A	P	P	18
PUPPUUP	P	U	P	P	U	U	P	18
PUUPPPU	P	U	U	P	P	P	U	18
PUUUPPU	P	U	U	U	P	P	U	18
PXAPPAP	P	X	A	P	P	A	P	18
PXPPPPA	P	X	P	P	P	P	A	18
PXUUPAU	P	X	U	U	P	A	U	18
UUUXPUU	U	U	U	X	P	U	U	18
XPAAPUA	X	P	A	A	P	U	A	18
XPXXXPX	X	P	X	X	X	P	X	18
XPXXXXX	X	P	X	X	X	X	X	18
XXUUPUU	X	X	U	U	P	U	U	18
AAAPAAP	A	A	A	P	A	A	P	17
AAPPAUP	A	A	P	P	A	U	P	17
AAPUAPP	A	A	P	U	A	P	P	17
AUAPAPA	A	U	A	P	A	P	A	17
PAUPPUP	P	A	U	P	P	U	P	17
PAXPPPP	P	A	X	P	P	P	P	17
PPAAAUA	P	P	A	A	A	U	A	17
PPAUPPA	P	P	A	U	P	P	A	17
PPPAUUP	P	P	P	A	U	U	P	17
PUPPUUU	P	U	P	P	U	U	U	17
PXAPPAA	P	X	A	P	P	A	A	17
PXAUPAP	P	X	A	U	P	A	P	17
PXPXPPP	P	X	P	X	P	P	P	17
UPAUUAA	U	P	A	U	U	A	A	17
XPAUPUA	X	P	A	U	P	U	A	17
XPPPPXP	X	P	P	P	P	X	P	17
XPXPPPX	X	P	X	P	P	P	X	17
XXPUPPP	X	X	P	U	P	P	P	17
XXPXXPX	X	X	P	X	X	P	X	17
AAUPPUU	A	A	U	P	P	U	U	16
AAUPUUU	A	A	U	P	U	U	U	16
AAXPPPP	A	A	X	P	P	P	P	16
APAUAUA	A	P	A	U	A	U	A	16
AUAPPAA	A	U	A	P	P	A	A	16
AUUPAUU	A	U	U	P	A	U	U	16
AXAPAPA	A	X	A	P	A	P	A	16
PMPUPPP	P	M	P	U	P	P	P	16
PPUUXUU	P	P	U	U	X	U	U	16
PXUPPPU	P	X	U	P	P	P	U	16
UAPUUPP	U	A	P	U	U	P	P	16
UMUPUPU	U	M	U	P	U	P	U	16
UPPPUUU	U	P	P	P	U	U	U	16
UPPUUAP	U	P	P	U	U	A	P	16
UUAPPPA	U	U	A	P	P	P	A	16
UUXAUPP	U	U	X	A	U	P	P	16
UXPPUPP	U	X	P	P	U	P	P	16
UXPUUUP	U	X	P	U	U	U	P	16
UXUUUPU	U	X	U	U	U	P	U	16
XPAPPAA	X	P	A	P	P	A	A	16
XPAPPPA	X	P	A	P	P	P	A	16
XPPAAAP	X	P	P	A	A	A	P	16
AAPPPPU	A	A	P	P	P	P	U	15
AAUAAPA	A	A	U	A	A	P	A	15
AAUAPUA	A	A	U	A	P	U	A	15
AXAPPAA	A	X	A	P	P	A	A	15
MUUUUUU	M	U	U	U	U	U	U	15
PPAPAAA	P	P	A	P	A	A	A	15
PPPPPUU	P	P	P	P	P	U	U	15
PPPUUUU	P	P	P	U	U	U	U	15
PUPUPAP	P	U	P	U	P	A	P	15
PXPPUPP	P	X	P	P	U	P	P	15
PXXXPPP	P	X	X	X	P	P	P	15
UAUPAUA	U	A	U	P	A	U	A	15
UPPAUUP	U	P	P	A	U	U	P	15
UUAUUPA	U	U	A	U	U	P	A	15
UUUUAPU	U	U	U	U	A	P	U	15
XPXPPXP	X	P	X	P	P	X	P	15
AAUPPPU	A	A	U	P	P	P	U	14
AAUPUUA	A	A	U	P	U	U	A	14
AMAPAAA	A	M	A	P	A	A	A	14
AMPAAPA	A	M	P	A	A	P	A	14
AUAPUAA	A	U	A	P	U	A	A	14
PAAAPAP	P	A	A	A	P	A	P	14
PAAUAAA	P	A	A	U	A	A	A	14
PPAAUAU	P	P	A	A	U	A	U	14
PPPAAPA	P	P	P	A	A	P	A	14
PPPPAPA	P	P	P	P	A	P	A	14
PPXAXPP	P	P	X	A	X	P	P	14
PUPAPPP	P	U	P	A	P	P	P	14
PUPUPUU	P	U	P	U	P	U	U	14
PUUUUPU	P	U	U	U	U	P	U	14
PUXUUPP	P	U	X	U	U	P	P	14
UPAAUUA	U	P	A	A	U	U	A	14
UPPPPAP	U	P	P	P	P	A	P	14
UUAAPAU	U	U	A	A	P	A	U	14
UUPPAPA	U	U	P	P	A	P	A	14
UUPPXPU	U	U	P	P	X	P	U	14
UUUAUUP	U	U	U	A	U	U	P	14
UUUPAAU	U	U	U	P	A	A	U	14
UUUUUPP	U	U	U	U	U	P	P	14
UXPUPUP	U	X	P	U	P	U	P	14
XAPPAPP	X	A	P	P	A	P	P	14
XPPAPXP	X	P	P	A	P	X	P	14
XPPPXPX	X	P	P	P	X	P	X	14
XPUUPPU	X	P	U	U	P	P	U	14
AAAPUPA	A	A	A	P	U	P	A	13
AAPAUPU	A	A	P	A	U	P	U	13
AAUUPUA	A	A	U	U	P	U	A	13
APAAPAP	A	P	A	A	P	A	P	13
AUAPAUA	A	U	A	P	A	U	A	13
AUPAAPU	A	U	P	A	A	P	U	13
AXAPPPA	A	X	A	P	P	P	A	13
PAUPPUU	P	A	U	P	P	U	U	13
PAUUUUP	P	A	U	U	U	U	P	13
PPAUAUA	P	P	A	U	A	U	A	13
PPPXXXP	P	P	P	X	X	X	P	13
PPXPXXX	P	P	X	P	X	X	X	13
PUPAPUP	P	U	P	A	P	U	P	13
PXPAAAP	P	X	P	A	A	A	P	13
PXXAPPP	P	X	X	A	P	P	P	13
UAAUAPA	U	A	A	U	A	P	A	13
UPAAPAP	U	P	A	A	P	A	P	13
UPAUAUA	U	P	A	U	A	U	A	13
UPPUPUU	U	P	P	U	P	U	U	13
UUPUAUP	U	U	P	U	A	U	P	13
UUPXPPU	U	U	P	X	P	P	U	13
UUUXUPU	U	U	U	X	U	P	U	13
UXUPUAU	U	X	U	P	U	A	U	13
XMXPPPP	X	M	X	P	P	P	P	13
XPAXPAP	X	P	A	X	P	A	P	13
XPPAXPP	X	P	P	A	X	P	P	13
XPPXPXP	X	P	P	X	P	X	P	13
XPUAPAU	X	P	U	A	P	A	U	13
XPXXPXP	X	P	X	X	P	X	P	13
XXPUXPP	X	X	P	U	X	P	P	13
XXPXXPP	X	X	P	X	X	P	P	13
AAAPXAA	A	A	A	P	X	A	A	12
AAPUPPA	A	A	P	U	P	P	A	12
AAPUPUP	A	A	P	U	P	U	P	12
AAXPAPX	A	A	X	P	A	P	X	12
AUPPAPU	A	U	P	P	A	P	U	12
PAAAAAP	P	A	A	A	A	A	P	12
PMAAPAP	P	M	A	A	P	A	P	12
PMPPPPU	P	M	P	P	P	P	U	12
PPAUUAU	P	P	A	U	U	A	U	12
PPPAUPP	P	P	P	A	U	P	P	12
PPPPAAP	P	P	P	P	A	A	P	12
PPPUAUP	P	P	P	U	A	U	P	12
PPUAUAU	P	P	U	A	U	A	U	12
PPXAPAX	P	P	X	A	P	A	X	12
PPXXPPX	P	P	X	X	P	P	X	12
PUUPUPU	P	U	U	P	U	P	U	12
PXAAAAA	P	X	A	A	A	A	A	12
PXAAPPA	P	X	A	A	P	P	A	12
PXXPPXP	P	X	X	P	P	X	P	12
UAAAPAA	U	A	A	A	P	A	A	12
UAAPAPA	U	A	A	P	A	P	A	12
UAUPAAA	U	A	U	P	A	A	A	12
UMPPPPU	U	M	P	P	P	P	U	12
UPAAPAA	U	P	A	A	P	A	A	12
UPXUUPP	U	P	X	U	U	P	P	12
UUPUAPA	U	U	P	U	A	P	A	12
XAXPAPA	X	A	X	P	A	P	A	12
XMPPPPP	X	M	P	P	P	P	P	12
XPAAAAP	X	P	A	A	A	A	P	12
XPAUPAA	X	P	A	U	P	A	A	12
XPPAXAP	X	P	P	A	X	A	P	12
XPPPPPA	X	P	P	P	P	P	A	12
XPPUUPP	X	P	P	U	U	P	P	12
XUPAPAP	X	U	P	A	P	A	P	12
XXPAPAP	X	X	P	A	P	A	P	12
AAAPPXA	A	A	A	P	P	X	A	11
AAPPPAP	A	A	P	P	P	A	P	11
AAPPPPX	A	A	P	P	P	P	X	11
AAUPPAU	A	A	U	P	P	A	U	11
APPPPPP	A	P	P	P	P	P	P	11
AUPPPPA	A	U	P	P	P	P	A	11
AUPUAPU	A	U	P	U	A	P	U	11
AUPUUPU	A	U	P	U	U	P	U	11
AXPAAAP	A	X	P	A	A	A	P	11
PMUUPUP	P	M	U	U	P	U	P	11
PPAAAAU	P	P	A	A	A	A	U	11
PPPAPXU	P	P	P	A	P	X	U	11
PPPAXUP	P	P	P	A	X	U	P	11
PPPUAAP	P	P	P	U	A	A	P	11
PPPXXAP	P	P	P	X	X	A	P	11
PPPXXUP	P	P	P	X	X	U	P	11
PPPXXXU	P	P	P	X	X	X	U	11
PPUXPUU	P	P	U	X	P	U	U	11
PPXUPXU	P	P	X	U	P	X	U	11
PUPPPAP	P	U	P	P	P	A	P	11
PUUUPAU	P	U	U	U	P	A	U	11
PXAUPPA	P	X	A	U	P	P	A	11
PXPPXUP	P	X	P	P	X	U	P	11
PXPUAUP	P	X	P	U	A	U	P	11
PXPXXPP	P	X	P	X	X	P	P	11
UAAAUPA	U	A	A	A	U	P	A	11
UAPPUPP	U	A	P	P	U	P	P	11
UAPUUPA	U	A	P	U	U	P	A	11
UAUPAUU	U	A	U	P	A	U	U	11
UPPAPPP	U	P	P	A	P	P	P	11
UPUAAUU	U	P	U	A	A	U	U	11
UPUAPUP	U	P	U	A	P	U	P	11
UPUAPUU	U	P	U	A	P	U	U	11
UUAAAAP	U	U	A	A	A	A	P	11
UUPXPPP	U	U	P	X	P	P	P	11
UUPXUPP	U	U	P	X	U	P	P	11
UUUPXPU	U	U	U	P	X	P	U	11
UUUUPAU	U	U	U	U	P	A	U	11
XAPPXPA	X	A	P	P	X	P	A	11
XAPUAPA	X	A	P	U	A	P	A	11
XPXAPAA	X	P	X	A	P	A	A	11
XPXAPAP	X	P	X	A	P	A	P	11
XUPPPUP	X	U	P	P	P	U	P	11
XUPPXPP	X	U	P	P	X	P	P	11
XXAAPAA	X	X	A	A	P	A	A	11
XXUUPUP	X	X	U	U	P	U	P	11
XXXXXPP	X	X	X	X	X	P	P	11
AAAAPAU	A	A	A	A	P	A	U	10
AAAAUAP	A	A	A	A	U	A	P	10
AAAPPAP	A	A	A	P	P	A	P	10
AAPPPUP	A	A	P	P	P	U	P	10
AAUPAPA	A	A	U	P	A	P	A	10
AAUPUAU	A	A	U	P	U	A	U	10
AMAAPAA	A	M	A	A	P	A	A	10
AUUPAUA	A	U	U	P	A	U	A	10
PAAUAUA	P	A	A	U	A	U	A	10
PAPAPPP	P	A	P	A	P	P	P	10
PAUPPPU	P	A	U	P	P	P	U	10
PPAUUAA	P	P	A	U	U	A	A	10
PPPPUAP	P	P	P	P	U	A	P	10
PPUPPAP	P	P	U	P	P	A	P	10
PPXAAPP	P	P	X	A	A	P	P	10
PPXPPUP	P	P	X	P	P	U	P	10
PPXPPUX	P	P	X	P	P	U	X	10
PPXXPXX	P	P	X	X	P	X	X	10
PPXXXXP	P	P	X	X	X	X	P	10
PUAAAAA	P	U	A	A	A	A	A	10
PUPPXUP	P	U	P	P	X	U	P	10
PUXAPPP	P	U	X	A	P	P	P	10
PXAAPAU	P	X	A	A	P	A	U	10
PXAPPUA	P	X	A	P	P	U	A	10
PXPPAPP	P	X	P	P	A	P	P	10
UAPPPPA	U	A	P	P	P	P	A	10
UPPAUPU	U	P	P	A	U	P	U	10
UPUPUAU	U	P	U	P	U	A	U	10
UUAPPUA	U	U	A	P	P	U	A	10
UUPPAPU	U	U	P	P	A	P	U	10
UXUAUPU	U	X	U	A	U	P	U	10
UXUUPUU	U	X	U	U	P	U	U	10
XPAAXAP	X	P	A	A	X	A	P	10
XPPPUUP	X	P	P	P	U	U	P	10
XPXXXPP	X	P	X	X	X	P	P	10
XXPXXXP	X	X	P	X	X	X	P	10
AAAPUAU	A	A	A	P	U	A	U	9
AAAUPPA	A	A	A	U	P	P	A	9
AAPPUPU	A	A	P	P	U	P	U	9
AAPUUPU	A	A	P	U	U	P	U	9
AAPXAPP	A	A	P	X	A	P	P	9
AUAAPAA	A	U	A	A	P	A	A	9
AUUPUUU	A	U	U	P	U	U	U	9
PAAPPAA	P	A	A	P	P	A	A	9
PMPPXPP	P	M	P	P	X	P	P	9
PMUUPUU	P	M	U	U	P	U	U	9
PPAPAPA	P	P	A	P	A	P	A	9
PPPXPPA	P	P	P	X	P	P	A	9
PPXAXAP	P	P	X	A	X	A	P	9
PPXUPPA	P	P	X	U	P	P	A	9
PPXUPPX	P	P	X	U	P	P	X	9
PUAUPUA	P	U	A	U	P	U	A	9
PUUPUUP	P	U	U	P	U	U	P	9
PUXPXPP	P	U	X	P	X	P	P	9
PXAUAUA	P	X	A	U	A	U	A	9
PXUAPAU	P	X	U	A	P	A	U	9
PXXPUPP	P	X	X	P	U	P	P	9
UAPPAPU	U	A	P	P	A	P	U	9
UAUUPUP	U	A	U	U	P	U	P	9
UPUUUPP	U	P	U	U	U	P	P	9
UXPPUPU	U	X	P	P	U	P	U	9
UXPUPPP	U	X	P	U	P	P	P	9
UXPUUPU	U	X	P	U	U	P	U	9
UXUPPPU	U	X	U	P	P	P	U	9
XAPAAPP	X	A	P	A	A	P	P	9
XAPPPPP	X	A	P	P	P	P	P	9
XPPAPPA	X	P	P	A	P	P	A	9
XPPPPPX	X	P	P	P	P	P	X	9
XPUPXUU	X	P	U	P	X	U	U	9
XPUXPUP	X	P	U	X	P	U	P	9
XPXPPAP	X	P	X	P	P	A	P	9
XUAAPAP	X	U	A	A	P	A	P	9
XXPPXUP	X	X	P	P	X	U	P	9
XXXUPPP	X	X	X	U	P	P	P	9
AAPAPPP	A	A	P	A	P	P	P	8
AAPAPUP	A	A	P	A	P	U	P	8
AAPAXAP	A	A	P	A	X	A	P	8
AAPUUAP	A	A	P	U	U	A	P	8
AAPXAAP	A	A	P	X	A	A	P	8
AAUPAUP	A	A	U	P	A	U	P	8
AAXPXPP	A	A	X	P	X	P	P	8
APAAAUA	A	P	A	A	A	U	A	8
AUPAAUP	A	U	P	A	A	U	P	8
AUPAPAP	A	U	P	A	P	A	P	8
AUPPUPA	A	U	P	P	U	P	A	8
AUUUUPU	A	U	U	U	U	P	U	8
AXAUAUA	A	X	A	U	A	U	A	8
PAPUPAP	P	A	P	U	P	A	P	8
PAPUPPU	P	A	P	U	P	P	U	8
PAUUPPU	P	A	U	U	P	P	U	8
PMXPXPP	P	M	X	P	X	P	P	8
PPAAPXA	P	P	A	A	P	X	A	8
PPAPPXA	P	P	A	P	P	X	A	8
PPAPUAP	P	P	A	P	U	A	P	8
PPAUPUU	P	P	A	U	P	U	U	8
PPPPAUP	P	P	P	P	A	U	P	8
PPPUPPX	P	P	P	U	P	P	X	8
PPPXXPU	P	P	P	X	X	P	U	8
PPUAAAU	P	P	U	A	A	A	U	8
PPXPPAA	P	P	X	P	P	A	A	8
PPXPXAP	P	P	X	P	X	A	P	8
PPXXPXU	P	P	X	X	P	X	U	8
PXAPXAP	P	X	A	P	X	A	P	8
PXAUPUP	P	X	A	U	P	U	P	8
PXPAPPU	P	X	P	A	P	P	U	8
PXPUUPP	P	X	P	U	U	P	P	8
PXUPXUP	P	X	U	P	X	U	P	8
UAAXAAA	U	A	A	X	A	A	A	8
UAUPUUP	U	A	U	P	U	U	P	8
UMXPUPP	U	M	X	P	U	P	P	8
UPPPXUP	U	P	P	P	X	U	P	8
UPPXPUP	U	P	P	X	P	U	P	8
UPUAUPU	U	P	U	A	U	P	U	8
UPUPPPP	U	P	U	P	P	P	P	8
UUAPAUA	U	U	A	P	A	U	A	8
UUAPUAP	U	U	A	P	U	A	P	8
UUAUUPU	U	U	A	U	U	P	U	8
UUAXUAU	U	U	A	X	U	A	U	8
UUPUPAP	U	U	P	U	P	A	P	8
UUPXUUP	U	U	P	X	U	U	P	8
UXAPUAU	U	X	A	P	U	A	U	8
UXPAUUP	U	X	P	A	U	U	P	8
UXUUPUP	U	X	U	U	P	U	P	8
UXUUUUP	U	X	U	U	U	U	P	8
XAPAPAP	X	A	P	A	P	A	P	8
XAXPAPP	X	A	X	P	A	P	P	8
XPPUXUP	X	P	P	U	X	U	P	8
XPPXPUP	X	P	P	X	P	U	P	8
XPUAPUU	X	P	U	A	P	U	U	8
XPXPXXX	X	P	X	P	X	X	X	8
XPXUUPP	X	P	X	U	U	P	P	8
XXAPPAA	X	X	A	P	P	A	A	8
XXPPPPU	X	X	P	P	P	P	U	8
XXPPXPU	X	X	P	P	X	P	U	8
XXXXPXX	X	X	X	X	P	X	X	8
XXXXXXP	X	X	X	X	X	X	P	8
AAPAXPP	A	A	P	A	X	P	P	7
AAUAPAU	A	A	U	A	P	A	U	7
AAXPAXA	A	A	X	P	A	X	A	7
AAXPXPA	A	A	X	P	X	P	A	7
AAXXAPA	A	A	X	X	A	P	A	7
APAUUUA	A	P	A	U	U	U	A	7
APPPAPA	A	P	P	P	A	P	A	7
AUPAUPA	A	U	P	A	U	P	A	7
AXPPXPA	A	X	P	P	X	P	A	7
PAAAAUA	P	A	A	A	A	U	A	7
PAPAPUP	P	A	P	A	P	U	P	7
PAPPAPP	P	A	P	P	A	P	P	7
PAPPPPA	P	A	P	P	P	P	A	7
PMXAPPP	P	M	X	A	P	P	P	7
PPAAAPA	P	P	A	A	A	P	A	7
PPAAPUP	P	P	A	A	P	U	P	7
PPAAXAA	P	P	A	A	X	A	A	7
PPAUUUA	P	P	A	U	U	U	A	7
PPPPPUX	P	P	P	P	P	U	X	7
PPUPPXP	P	P	U	P	P	X	P	7
PPUUUUA	P	P	U	U	U	U	A	7
PPUUXPU	P	P	U	U	X	P	U	7
PPXAPPA	P	P	X	A	P	P	A	7
PPXUPUX	P	P	X	U	P	U	X	7
PPXXPAX	P	P	X	X	P	A	X	7
PUPAAAP	P	U	P	A	A	A	P	7
PUUAPUP	P	U	U	A	P	U	P	7
PUUAUUU	P	U	U	A	U	U	U	7
PUUPPPP	P	U	U	P	P	P	P	7
PUUUAUU	P	U	U	U	A	U	U	7
PXPPPXP	P	X	P	P	P	X	P	7
PXUAPUA	P	X	U	A	P	U	A	7
UAAAAAP	U	A	A	A	A	A	P	7
UAPAUPA	U	A	P	A	U	P	A	7
UMAPUAU	U	M	A	P	U	A	U	7
UMPPPPP	U	M	P	P	P	P	P	7
UMPPUPP	U	M	P	P	U	P	P	7
UPAAPAU	U	P	A	A	P	A	U	7
UPPUPAP	U	P	P	U	P	A	P	7
UPUPUPP	U	P	U	P	U	P	P	7
UPUUPUA	U	P	U	U	P	U	A	7
UPXAPPP	U	P	X	A	P	P	P	7
UUAUPUA	U	U	A	U	P	U	A	7
UUPPPPA	U	U	P	P	P	P	A	7
UUUAPAU	U	U	U	A	P	A	U	7
UUUPAPU	U	U	U	P	A	P	U	7
UUXPXPP	U	U	X	P	X	P	P	7
UUXXPPP	U	U	X	X	P	P	P	7
UUXXUPP	U	U	X	X	U	P	P	7
XAAPPUA	X	A	A	P	P	U	A	7
XAPAPPA	X	A	P	A	P	P	A	7
XPAPXAA	X	P	A	P	X	A	A	7
XPAXPAA	X	P	A	X	P	A	A	7
XPPAUAP	X	P	P	A	U	A	P	7
XPPPPXU	X	P	P	P	P	X	U	7
XPPPUPU	X	P	P	P	U	P	U	7
XPPXPPU	X	P	P	X	P	P	U	7
XUPUPPP	X	U	P	U	P	P	P	7
XUXUPPP	X	U	X	U	P	P	P	7
XXAAPAP	X	X	A	A	P	A	P	7
XXXAXXX	X	X	X	A	X	X	X	7
XXXPPXU	X	X	X	P	P	X	U	7
XXXPXXP	X	X	X	P	X	X	P	7
XXXUXPX	X	X	X	U	X	P	X	7
AAAPAPU	A	A	A	P	A	P	U	6
AAPPXAP	A	A	P	P	X	A	P	6
AAPUPAP	A	A	P	U	P	A	P	6
AAPXPPA	A	A	P	X	P	P	A	6
AAUPPAA	A	A	U	P	P	A	A	6
AAUUPUP	A	A	U	U	P	U	P	6
AAXPPPX	A	A	X	P	P	P	X	6
APAAAAP	A	P	A	A	A	A	P	6
APAUAAA	A	P	A	U	A	A	A	6
APAUPAA	A	P	A	U	P	A	A	6
APPPAPP	A	P	P	P	A	P	P	6
APPPPUP	A	P	P	P	P	U	P	6
AUAAUPA	A	U	A	A	U	P	A	6
AUPAUPU	A	U	P	A	U	P	U	6
AUPUAUP	A	U	P	U	A	U	P	6
AUXPAPA	A	U	X	P	A	P	A	6
AXPUPUP	A	X	P	U	P	U	P	6
MPPPPPP	M	P	P	P	P	P	P	6
MPPPPUP	M	P	P	P	P	U	P	6
PAPPAPA	P	A	P	P	A	P	A	6
PAPPPPU	P	A	P	P	P	P	U	6
PAPPUUP	P	A	P	P	U	U	P	6
PAPPXPP	P	A	P	P	X	P	P	6
PAUAAUA	P	A	U	A	A	U	A	6
PMPAPPP	P	M	P	A	P	P	P	6
PMPAPUP	P	M	P	A	P	U	P	6
PPAAPAX	P	P	A	A	P	A	X	6
PPAAPUU	P	P	A	A	P	U	U	6
PPAAUUA	P	P	A	A	U	U	A	6
PPAPXAU	P	P	A	P	X	A	U	6
PPAUUAP	P	P	A	U	U	A	P	6
PPAXPUA	P	P	A	X	P	U	A	6
PPAXXAP	P	P	A	X	X	A	P	6
PPPPAPU	P	P	P	P	A	P	U	6
PPPUAPA	P	P	P	U	A	P	A	6
PPPUXAP	P	P	P	U	X	A	P	6
PPPUXPU	P	P	P	U	X	P	U	6
PPUAAUU	P	P	U	A	A	U	U	6
PPUPXPP	P	P	U	P	X	P	P	6
PPUUAUP	P	P	U	U	A	U	P	6
PPUUAUU	P	P	U	U	A	U	U	6
PPUUPAP	P	P	U	U	P	A	P	6
PPXXPAP	P	P	X	X	P	A	P	6
PPXXUPP	P	P	X	X	U	P	P	6
PUAUPAA	P	U	A	U	P	A	A	6
PUPPPUU	P	U	P	P	P	U	U	6
PUPXPUP	P	U	P	X	P	U	P	6
PUUAPAU	P	U	U	A	P	A	U	6
PXAAPUA	P	X	A	A	P	U	A	6
PXAUPAU	P	X	A	U	P	A	U	6
PXPPAUP	P	X	P	P	A	U	P	6
PXPPPPX	P	X	P	P	P	P	X	6
PXPXPAP	P	X	P	X	P	A	P	6
PXPXXXP	P	X	P	X	X	X	P	6
PXUUPPU	P	X	U	U	P	P	U	6
UAAPUAU	U	A	A	P	U	A	U	6
UAPAUAP	U	A	P	A	U	A	P	6
UAPPPPP	U	A	P	P	P	P	P	6
UAPPUUP	U	A	P	P	U	U	P	6
UAPUAAP	U	A	P	U	A	A	P	6
UAPUAPU	U	A	P	U	A	P	U	6
UAUPPUA	U	A	U	P	P	U	A	6
UAUPPUU	U	A	U	P	P	U	U	6
UMPUPUP	U	M	P	U	P	U	P	6
UMUPUAU	U	M	U	P	U	A	U	6
UPAPUAU	U	P	A	P	U	A	U	6
UPUAUUA	U	P	U	A	U	U	A	6
UPUUPAU	U	P	U	U	P	A	U	6
UPXPXPP	U	P	X	P	X	P	P	6
UUAAPAP	U	U	A	A	P	A	P	6
UUMUUUU	U	U	M	U	U	U	U	6
UUPAAPP	U	U	P	A	A	P	P	6
UUPAPPP	U	U	P	A	P	P	P	6
UUPAPPU	U	U	P	A	P	P	U	6
UUUPPUA	U	U	U	P	P	U	A	6
UUUPUPP	U	U	U	P	U	P	P	6
UUUUPUA	U	U	U	U	P	U	A	6
UUUXPPU	U	U	U	X	P	P	U	6
UUXPUPX	U	U	X	P	U	P	X	6
UXAUPUA	U	X	A	U	P	U	A	6
UXPUUPP	U	X	P	U	U	P	P	6
UXXPPPP	U	X	X	P	P	P	P	6
XAPAAPU	X	A	P	A	A	P	U	6
XAPPAPU	X	A	P	P	A	P	U	6
XAXXXXX	X	A	X	X	X	X	X	6
XMPPPUP	X	M	P	P	P	U	P	6
XMPUPUP	X	M	P	U	P	U	P	6
XPAAPPA	X	P	A	A	P	P	A	6
XPPAPPU	X	P	P	A	P	P	U	6
XPPPXPA	X	P	P	P	X	P	A	6
XPUUUUP	X	P	U	U	U	U	P	6
XPUUXUP	X	P	U	U	X	U	P	6
XPXPXXP	X	P	X	P	X	X	P	6
XPXXPXX	X	P	X	X	P	X	X	6
XUPPUPP	X	U	P	P	U	P	P	6
XUPUUUP	X	U	P	U	U	U	P	6
XUUPPUP	X	U	U	P	P	U	P	6
XUUUPUP	X	U	U	U	P	U	P	6
XXAPXPA	X	X	A	P	X	P	A	6
XXPPXAP	X	X	P	P	X	A	P	6
XXPXPPP	X	X	P	X	P	P	P	6
XXXUXPP	X	X	X	U	X	P	P	6
AAAAAUP	A	A	A	A	A	U	P	5
AAAPAUU	A	A	A	P	A	U	U	5
AAAPPAX	A	A	A	P	P	A	X	5
AAAUAPU	A	A	A	U	A	P	U	5
AAAXPPA	A	A	A	X	P	P	A	5
AAPAAPX	A	A	P	A	A	P	X	5
AAUAUPU	A	A	U	A	U	P	U	5
AMPAAAP	A	M	P	A	A	A	P	5
AMPUAPA	A	M	P	U	A	P	A	5
APAPAAA	A	P	A	P	A	A	A	5
APAPAPA	A	P	A	P	A	P	A	5
APPAPUP	A	P	P	A	P	U	P	5
APUUAAU	A	P	U	U	A	A	U	5
APUUAUA	A	P	U	U	A	U	A	5
AUAPAAU	A	U	A	P	A	A	U	5
AUAPPPA	A	U	A	P	P	P	A	5
AUAUAPA	A	U	A	U	A	P	A	5
AUPAUAP	A	U	P	A	U	A	P	5
AUUPAAA	A	U	U	P	A	A	A	5
AUUPAAU	A	U	U	P	A	A	U	5
AUUPUUA	A	U	U	P	U	U	A	5
AXPAAUP	A	X	P	A	A	U	P	5
AXPPAPP	A	X	P	P	A	P	P	5
AXPUUUP	A	X	P	U	U	U	P	5
MPPUPUP	M	P	P	U	P	U	P	5
MPXPPPP	M	P	X	P	P	P	P	5
PAUAPUA	P	A	U	A	P	U	A	5
PAUPPPP	P	A	U	P	P	P	P	5
PMAAPAA	P	M	A	A	P	A	A	5
PMPUUUP	P	M	P	U	U	U	P	5
PMUPPUP	P	M	U	P	P	U	P	5
PPAPUAU	P	P	A	P	U	A	U	5
PPPPUXU	P	P	P	P	U	X	U	5
PPPUAPP	P	P	P	U	A	P	P	5
PPUPUPP	P	P	U	P	U	P	P	5
PPUPXUA	P	P	U	P	X	U	A	5
PPXAPXU	P	P	X	A	P	X	U	5
PPXPPXA	P	P	X	P	P	X	A	5
PPXPXAX	P	P	X	P	X	A	X	5
PPXUPAP	P	P	X	U	P	A	P	5
PUPXPPP	P	U	P	X	P	P	P	5
PXAPPAU	P	X	A	P	P	A	U	5
PXAUUUA	P	X	A	U	U	U	A	5
PXPAAUP	P	X	P	A	A	U	P	5
PXPAPPA	P	X	P	A	P	P	A	5
PXPPAAP	P	X	P	P	A	A	P	5
PXPPUPU	P	X	P	P	U	P	U	5
PXPXPUP	P	X	P	X	P	U	P	5
PXPXPXP	P	X	P	X	P	X	P	5
PXUPPAU	P	X	U	P	P	A	U	5
PXUPPPP	P	X	U	P	P	P	P	5
PXUUAUP	P	X	U	U	A	U	P	5
PXXPPPA	P	X	X	P	P	P	A	5
PXXPPPX	P	X	X	P	P	P	X	5
PXXXPXP	P	X	X	X	P	X	P	5
UAAPAAU	U	A	A	P	A	A	U	5
UAPAAPU	U	A	P	A	A	P	U	5
UAPPPUP	U	A	P	P	P	U	P	5
UAPUAUP	U	A	P	U	A	U	P	5
UAUPPPU	U	A	U	P	P	P	U	5
UAUPUAU	U	A	U	P	U	A	U	5
UMUPPUU	U	M	U	P	P	U	U	5
UPAAUAP	U	P	A	A	U	A	P	5
UPUAPAU	U	P	U	A	P	A	U	5
UPUUAAU	U	P	U	U	A	A	U	5
UPUUAUA	U	P	U	U	A	U	A	5
UUAPPAP	U	U	A	P	P	A	P	5
UUAUPAU	U	U	A	U	P	A	U	5
UUPAPUP	U	U	P	A	P	U	P	5
UUPPUPX	U	U	P	P	U	P	X	5
UUPPUXU	U	U	P	P	U	X	U	5
UUPPXUP	U	U	P	P	X	U	P	5
UUPUXUP	U	U	P	U	X	U	P	5
UUUPAUA	U	U	U	P	A	U	A	5
UUUPUAA	U	U	U	P	U	A	A	5
UUXPPXU	U	U	X	P	P	X	U	5
UXPAPAP	U	X	P	A	P	A	P	5
UXPAUPU	U	X	P	A	U	P	U	5
UXPPPAP	U	X	P	P	P	A	P	5
UXPPPPP	U	X	P	P	P	P	P	5
UXPPUUP	U	X	P	P	U	U	P	5
UXUUUAU	U	X	U	U	U	A	U	5
XAPXAPA	X	A	P	X	A	P	A	5
XMPAPAP	X	M	P	A	P	A	P	5
XPAAXAA	X	P	A	A	X	A	A	5
XPAPXPA	X	P	A	P	X	P	A	5
XPPAAUP	X	P	P	A	A	U	P	5
XPPXXUP	X	P	P	X	X	U	P	5
XPUAPAP	X	P	U	A	P	A	P	5
XPUUPPP	X	P	U	U	P	P	P	5
XPXAXAX	X	P	X	A	X	A	X	5
XUPAPPP	X	U	P	A	P	P	P	5
XXAPAPA	X	X	A	P	A	P	A	5
XXPAAAP	X	X	P	A	A	A	P	5
XXPAAPA	X	X	P	A	A	P	A	5
XXPAXPX	X	X	P	A	X	P	X	5
XXPPAPA	X	X	P	P	A	P	A	5
XXPPPPA	X	X	P	P	P	P	A	5
XXPPPXP	X	X	P	P	P	X	P	5
XXPPXXP	X	X	P	P	X	X	P	5
XXPUPPU	X	X	P	U	P	P	U	5
XXPUXPX	X	X	P	U	X	P	X	5
XXUPPUU	X	X	U	P	P	U	U	5
XXXPPXP	X	X	X	P	P	X	P	5
XXXPXUX	X	X	X	P	X	U	X	5
XXXUXXP	X	X	X	U	X	X	P	5
AAAPAXA	A	A	A	P	A	X	A	4
AAAPXAP	A	A	A	P	X	A	P	4
AAAXAAU	A	A	A	X	A	A	U	4
AAPAPPU	A	A	P	A	P	P	U	4
AAPPUPP	A	A	P	P	U	P	P	4
AAPUXPA	A	A	P	U	X	P	A	4
AAPXAPX	A	A	P	X	A	P	X	4
AAUAPUU	A	A	U	A	P	U	U	4
AAUUPAA	A	A	U	U	P	A	A	4
AAUUPUU	A	A	U	U	P	U	U	4
AAUUUUP	A	A	U	U	U	U	P	4
AAXAPPP	A	A	X	A	P	P	P	4
AAXPPAA	A	A	X	P	P	A	A	4
AAXPPXA	A	A	X	P	P	X	A	4
AAXUUPP	A	A	X	U	U	P	P	4
AMAAAPA	A	M	A	A	A	P	A	4
AMAAPUA	A	M	A	A	P	U	A	4
AMAPAUA	A	M	A	P	A	U	A	4
APAAPPA	A	P	A	A	P	P	A	4
APAAUAA	A	P	A	A	U	A	A	4
APAUUAA	A	P	A	U	U	A	A	4
APPAAUP	A	P	P	A	A	U	P	4
APPPXPP	A	P	P	P	X	P	P	4
APPUAUP	A	P	P	U	A	U	P	4
APPUPAP	A	P	P	U	P	A	P	4
APUAAUA	A	P	U	A	A	U	A	4
APUUPUA	A	P	U	U	P	U	A	4
APXAPPP	A	P	X	A	P	P	P	4
APXPPPP	A	P	X	P	P	P	P	4
AUAPPUA	A	U	A	P	P	U	A	4
AUAXAAA	A	U	A	X	A	A	A	4
AUPAAPP	A	U	P	A	A	P	P	4
AUPPUPU	A	U	P	P	U	P	U	4
AUPUAAP	A	U	P	U	A	A	P	4
AUUUAPU	A	U	U	U	A	P	U	4
AUUUAUP	A	U	U	U	A	U	P	4
AXPAPAP	A	X	P	A	P	A	P	4
AXPPPPA	A	X	P	P	P	P	A	4
AXPUAPA	A	X	P	U	A	P	A	4
AXPUAPP	A	X	P	U	A	P	P	4
AXPUAUP	A	X	P	U	A	U	P	4
AXPXAPA	A	X	P	X	A	P	A	4
AXUUPUU	A	X	U	U	P	U	U	4
PAAPPPA	P	A	A	P	P	P	A	4
PAAUPAA	P	A	A	U	P	A	A	4
PAPAAUP	P	A	P	A	A	U	P	4
PAPPPAP	P	A	P	P	P	A	P	4
PAPPUPP	P	A	P	P	U	P	P	4
PAUPUUU	P	A	U	P	U	U	U	4
PAUUAUU	P	A	U	U	A	U	U	4
PMPPPPA	P	M	P	P	P	P	A	4
PMPUPAP	P	M	P	U	P	A	P	4
PMPXPPP	P	M	P	X	P	P	P	4
PMUPPPU	P	M	U	P	P	P	U	4
PMUPPUU	P	M	U	P	P	U	U	4
PPAAPPP	P	P	A	A	P	P	P	4
PPAUPUP	P	P	A	U	P	U	P	4
PPAUXAA	P	P	A	U	X	A	A	4
PPAUXAP	P	P	A	U	X	A	P	4
PPPAXXP	P	P	P	A	X	X	P	4
PPPXUAP	P	P	P	X	U	A	P	4
PPUAAAA	P	P	U	A	A	A	A	4
PPUAAUA	P	P	U	A	A	U	A	4
PPUAPPP	P	P	U	A	P	P	P	4
PPUPXAU	P	P	U	P	X	A	U	4
PPUUAUA	P	P	U	U	A	U	A	4
PPUUPUX	P	P	U	U	P	U	X	4
PPUUPXU	P	P	U	U	P	X	U	4
PPUXXPU	P	P	U	X	X	P	U	4
PPUXXUP	P	P	U	X	X	U	P	4
PPXAUPP	P	P	X	A	U	P	P	4
PPXPPAX	P	P	X	P	P	A	X	4
PPXPXXU	P	P	X	P	X	X	U	4
PPXXAPP	P	P	X	X	A	P	P	4
PPXXPUX	P	P	X	X	P	U	X	4
PPXXXXX	P	P	X	X	X	X	X	4
PUAAPAU	P	U	A	A	P	A	U	4
PUAPPAA	P	U	A	P	P	A	A	4
PUAUUUA	P	U	A	U	U	U	A	4
PUPAPXP	P	U	P	A	P	X	P	4
PUPXPAP	P	U	P	X	P	A	P	4
PUPXXPP	P	U	P	X	X	P	P	4
PUUPXUP	P	U	U	P	X	U	P	4
PUUUUAU	P	U	U	U	U	A	U	4
PUXPPAP	P	U	X	P	P	A	P	4
PUXPPPA	P	U	X	P	P	P	A	4
PXAAUAA	P	X	A	A	U	A	A	4
PXAPAAA	P	X	A	P	A	A	A	4
PXAPAAP	P	X	A	P	A	A	P	4
PXAPAPA	P	X	A	P	A	P	A	4
PXPAAPP	P	X	P	A	A	P	P	4
PXPAUPP	P	X	P	A	U	P	P	4
PXPUPPA	P	X	P	U	P	P	A	4
PXPUUAP	P	X	P	U	U	A	P	4
PXPUXUP	P	X	P	U	X	U	P	4
PXUAUUU	P	X	U	A	U	U	U	4
PXUPUUU	P	X	U	P	U	U	U	4
PXUPXPU	P	X	U	P	X	P	U	4
PXUUUUP	P	X	U	U	U	U	P	4
PXXAPAA	P	X	X	A	P	A	A	4
PXXAPXP	P	X	X	A	P	X	P	4
PXXPPXX	P	X	X	P	P	X	X	4
PXXPXPX	P	X	X	P	X	P	X	4
PXXUUPP	P	X	X	U	U	P	P	4
PXXXPPX	P	X	X	X	P	P	X	4
UAAPUUA	U	A	A	P	U	U	A	4
UAAUUPA	U	A	A	U	U	P	A	4
UAPPPPU	U	A	P	P	P	P	U	4
UAPUPPP	U	A	P	U	P	P	P	4
UAPXAPA	U	A	P	X	A	P	A	4
UMPAUAP	U	M	P	A	U	A	P	4
UMUPAUU	U	M	U	P	A	U	U	4
UPAAAAA	U	P	A	A	A	A	A	4
UPAAPUA	U	P	A	A	P	U	A	4
UPAUPAA	U	P	A	U	P	A	A	4
UPAUUPA	U	P	A	U	U	P	A	4
UPPAUPP	U	P	P	A	U	P	P	4
UPPXUPP	U	P	P	X	U	P	P	4
UUAUAPA	U	U	A	U	A	P	A	4
UUAUPAA	U	U	A	U	P	A	A	4
UUAUPAP	U	U	A	U	P	A	P	4
UUAUPUU	U	U	A	U	P	U	U	4
UUPAAUP	U	U	P	A	A	U	P	4
UUPUUXU	U	U	P	U	U	X	U	4
UUUPXUP	U	U	U	P	X	U	P	4
UUUUAUP	U	U	U	U	A	U	P	4
UUXPPPX	U	U	X	P	P	P	X	4
UXAPUUA	U	X	A	P	U	U	A	4
UXPPPUP	U	X	P	P	P	U	P	4
UXUAPAU	U	X	U	A	P	A	U	4
UXUAUUU	U	X	U	A	U	U	U	4
UXUPPUU	U	X	U	P	P	U	U	4
XAAPXPA	X	A	A	P	X	P	A	4
XAPPAAP	X	A	P	P	A	A	P	4
XAPPAPX	X	A	P	P	A	P	X	4
XAPPXAP	X	A	P	P	X	A	P	4
XAPUAPU	X	A	P	U	A	P	U	4
XAUPPUA	X	A	U	P	P	U	A	4
XAXPPPP	X	A	X	P	P	P	P	4
XAXPXPX	X	A	X	P	X	P	X	4
XPAPPUA	X	P	A	P	P	U	A	4
XPPAAPP	X	P	P	A	A	P	P	4
XPPPAPA	X	P	P	P	A	P	A	4
XPPUPXP	X	P	P	U	P	X	P	4
XPPXXAP	X	P	P	X	X	A	P	4
XPPXXPX	X	P	P	X	X	P	X	4
XPUAPUA	X	P	U	A	P	U	A	4
XPUPUUP	X	P	U	P	U	U	P	4
XPUPUUU	X	P	U	P	U	U	U	4
XPUUXUU	X	P	U	U	X	U	U	4
XPUXXUP	X	P	U	X	X	U	P	4
XPXAAPP	X	P	X	A	A	P	P	4
XPXAPXP	X	P	X	A	P	X	P	4
XPXUPPX	X	P	X	U	P	P	X	4
XPXUXPP	X	P	X	U	X	P	P	4
XPXUXUX	X	P	X	U	X	U	X	4
XPXXPPX	X	P	X	X	P	P	X	4
XPXXXXP	X	P	X	X	X	X	P	4
XUUPPPU	X	U	U	P	P	P	U	4
XUXPXPX	X	U	X	P	X	P	X	4
XXAPPPA	X	X	A	P	P	P	A	4
XXAPXAP	X	X	A	P	X	A	P	4
XXPPAPX	X	X	P	P	A	P	X	4
XXPPUPP	X	X	P	P	U	P	P	4
XXPXPXP	X	X	P	X	P	X	P	4
XXPXXPU	X	X	P	X	X	P	U	4
XXUPXPU	X	X	U	P	X	P	U	4
XXXAPPP	X	X	X	A	P	P	P	4
XXXAXPX	X	X	X	A	X	P	X	4
XXXPPXX	X	X	X	P	P	X	X	4
XXXXPPX	X	X	X	X	P	P	X	4
AAAAAPP	A	A	A	A	A	P	P	3
AAAAXAA	A	A	A	A	X	A	A	3
AAAPPPX	A	A	A	P	P	P	X	3
AAAPPXU	A	A	A	P	P	X	U	3
AAPPXPU	A	A	P	P	X	P	U	3
AAPUPPP	A	A	P	U	P	P	P	3
AAPXPUP	A	A	P	X	P	U	P	3
AAUAUUP	A	A	U	A	U	U	P	3
AAUPUPU	A	A	U	P	U	P	U	3
AAUUAPA	A	A	U	U	A	P	A	3
AAUUUPU	A	A	U	U	U	P	U	3
AAUXAAA	A	A	U	X	A	A	A	3
AAUXAUA	A	A	U	X	A	U	A	3
AAXAAXA	A	A	X	A	A	X	A	3
AAXPAAP	A	A	X	P	A	A	P	3
AAXPPAP	A	A	X	P	P	A	P	3
AAXPPAX	A	A	X	P	P	A	X	3
AAXXAPP	A	A	X	X	A	P	P	3
AMPAAPU	A	M	P	A	A	P	U	3
APAAAAU	A	P	A	A	A	A	U	3
APAAPUA	A	P	A	A	P	U	A	3
APAPPPA	A	P	A	P	P	P	A	3
APAPUUA	A	P	A	P	U	U	A	3
APAUPUA	A	P	A	U	P	U	A	3
APPPAAP	A	P	P	P	A	A	P	3
APPPPAP	A	P	P	P	P	A	P	3
APPPPPA	A	P	P	P	P	P	A	3
APPUPPP	A	P	P	U	P	P	P	3
APPUPUP	A	P	P	U	P	U	P	3
APUPPUP	A	P	U	P	P	U	P	3
APXPAPP	A	P	X	P	A	P	P	3
APXUPPP	A	P	X	U	P	P	P	3
AUAPUAU	A	U	A	P	U	A	U	3
AUAPUUA	A	U	A	P	U	U	A	3
AUAPUUU	A	U	A	P	U	U	U	3
AUPAUUP	A	U	P	A	U	U	P	3
AUPPXPA	A	U	P	P	X	P	A	3
AUPUUPA	A	U	P	U	U	P	A	3
AUPXAPA	A	U	P	X	A	P	A	3
AUUAAPU	A	U	U	A	A	P	U	3
AUUPPAU	A	U	U	P	P	A	U	3
AUUUUUP	A	U	U	U	U	U	P	3
AXAAAAA	A	X	A	A	A	A	A	3
AXAAPAA	A	X	A	A	P	A	A	3
AXPPAPU	A	X	P	P	A	P	U	3
AXPPPPP	A	X	P	P	P	P	P	3
AXPPXAP	A	X	P	P	X	A	P	3
AXPPXPX	A	X	P	P	X	P	X	3
AXPUAAP	A	X	P	U	A	A	P	3
AXPUPPP	A	X	P	U	P	P	P	3
AXUUAUP	A	X	U	U	A	U	P	3
AXXPXPX	A	X	X	P	X	P	X	3
MPPAPAP	M	P	P	A	P	A	P	3
PAAAPPA	P	A	A	A	P	P	A	3
PAAAPUA	P	A	A	A	P	U	A	3
PAAAUAA	P	A	A	A	U	A	A	3
PAAPAAA	P	A	A	P	A	A	A	3
PAAUPUA	P	A	A	U	P	U	A	3
PAPAAPA	P	A	P	A	A	P	A	3
PAPPAAP	P	A	P	P	A	A	P	3
PAPPXPA	P	A	P	P	X	P	A	3
PAPUAAP	P	A	P	U	A	A	P	3
PAPUUPU	P	A	P	U	U	P	U	3
PAPXPAP	P	A	P	X	P	A	P	3
PAPXPUP	P	A	P	X	P	U	P	3
PAXAAPP	P	A	X	A	A	P	P	3
PAXXPXP	P	A	X	X	P	X	P	3
PMAAAAA	P	M	A	A	A	A	A	3
PMAAAAU	P	M	A	A	A	A	U	3
PMPPPAP	P	M	P	P	P	A	P	3
PMPPUPP	P	M	P	P	U	P	P	3
PMXPUPP	P	M	X	P	U	P	P	3
PPAAXPA	P	P	A	A	X	P	A	3
PPAPUAA	P	P	A	P	U	A	A	3
PPAUAAP	P	P	A	U	A	A	P	3
PPAXPPA	P	P	A	X	P	P	A	3
PPMUPUP	P	P	M	U	P	U	P	3
PPPAAXP	P	P	P	A	A	X	P	3
PPPPMPP	P	P	P	P	M	P	P	3
PPPPPAU	P	P	P	P	P	A	U	3
PPPPUPA	P	P	P	P	U	P	A	3
PPPUUPA	P	P	P	U	U	P	A	3
PPPXPUX	P	P	P	X	P	U	X	3
PPPXXPX	P	P	P	X	X	P	X	3
PPUAAUP	P	P	U	A	A	U	P	3
PPUAUPU	P	P	U	A	U	P	U	3
PPUAUUP	P	P	U	A	U	U	P	3
PPUAXUP	P	P	U	A	X	U	P	3
PPUPAUA	P	P	U	P	A	U	A	3
PPUPPUX	P	P	U	P	P	U	X	3
PPUPPXU	P	P	U	P	P	X	U	3
PPUUPAA	P	P	U	U	P	A	A	3
PPUXPAU	P	P	U	X	P	A	U	3
PPUXPPU	P	P	U	X	P	P	U	3
PPXAPPX	P	P	X	A	P	P	X	3
PPXAXPA	P	P	X	A	X	P	A	3
PPXPMPP	P	P	X	P	M	P	P	3
PPXPUXU	P	P	X	P	U	X	U	3
PPXUAPP	P	P	X	U	A	P	P	3
PPXUPXA	P	P	X	U	P	X	A	3
PUAAUAA	P	U	A	A	U	A	A	3
PUAAUAP	P	U	A	A	U	A	P	3
PUAUAUA	P	U	A	U	A	U	A	3
PUAUPAP	P	U	A	U	P	A	P	3
PUAUPAU	P	U	A	U	P	A	U	3
PUAUUAU	P	U	A	U	U	A	U	3
PUPAUAP	P	U	P	A	U	A	P	3
PUPAUUP	P	U	P	A	U	U	P	3
PUPAUUU	P	U	P	A	U	U	U	3
PUPPPPA	P	U	P	P	P	P	A	3
PUPPPXP	P	U	P	P	P	X	P	3
PUPXPPU	P	U	P	X	P	P	U	3
PUUAPUU	P	U	U	A	P	U	U	3
PUUPPUA	P	U	U	P	P	U	A	3
PUUPXPU	P	U	U	P	X	P	U	3
PUUPXUU	P	U	U	P	X	U	U	3
PUUUPPP	P	U	U	U	P	P	P	3
PUXAPAP	P	U	X	A	P	A	P	3
PUXPPXP	P	U	X	P	P	X	P	3
PXAAAPA	P	X	A	A	A	P	A	3
PXAUAAA	P	X	A	U	A	A	A	3
PXAUUAP	P	X	A	U	U	A	P	3
PXAUUPA	P	X	A	U	U	P	A	3
PXPAXAP	P	X	P	A	X	A	P	3
PXPPXAP	P	X	P	P	X	A	P	3
PXPPXPU	P	X	P	P	X	P	U	3
PXPUAPP	P	X	P	U	A	P	P	3
PXPXPPU	P	X	P	X	P	P	U	3
PXPXPXU	P	X	P	X	P	X	U	3
PXUPUUP	P	X	U	P	U	U	P	3
PXUUPAP	P	X	U	U	P	A	P	3
PXXAPAP	P	X	X	A	P	A	P	3
PXXAPPA	P	X	X	A	P	P	A	3
PXXPPXU	P	X	X	P	P	X	U	3
PXXPXXP	P	X	X	P	X	X	P	3
PXXPXXX	P	X	X	P	X	X	X	3
PXXUPUX	P	X	X	U	P	U	X	3
PXXXXPP	P	X	X	X	X	P	P	3
PXXXXXP	P	X	X	X	X	X	P	3
PXXXXXX	P	X	X	X	X	X	X	3
UAAPPAU	U	A	A	P	P	A	U	3
UAAPPPA	U	A	A	P	P	P	A	3
UAAPUPA	U	A	A	P	U	P	A	3
UAPAPAP	U	A	P	A	P	A	P	3
UAPAUPU	U	A	P	A	U	P	U	3
UAPPUUU	U	A	P	P	U	U	U	3
UAPUPPU	U	A	P	U	P	P	U	3
UAUAAPU	U	A	U	A	A	P	U	3
UAUPAAU	U	A	U	P	A	A	U	3
UAXPUPP	U	A	X	P	U	P	P	3
UAXUPPP	U	A	X	U	P	P	P	3
UMPAUPU	U	M	P	A	U	P	U	3
UMPPPUP	U	M	P	P	P	U	P	3
UMPPUUP	U	M	P	P	U	U	P	3
UMPPXPP	U	M	P	P	X	P	P	3
UMPUUPP	U	M	P	U	U	P	P	3
UMXPPPP	U	M	X	P	P	P	P	3
UPAUPAU	U	P	A	U	P	A	U	3
UPAUPUA	U	P	A	U	P	U	A	3
UPAUUAP	U	P	A	U	U	A	P	3
UPPAAAP	U	P	P	A	A	A	P	3
UPPPUAP	U	P	P	P	U	A	P	3
UPPUAUP	U	P	P	U	A	U	P	3
UPPXPPU	U	P	P	X	P	P	U	3
UPUAAAU	U	P	U	A	A	A	U	3
UPUAPUA	U	P	U	A	P	U	A	3
UPUPPUA	U	P	U	P	P	U	A	3
UPUPXUU	U	P	U	P	X	U	U	3
UPXPPXP	U	P	X	P	P	X	P	3
UUAPAPA	U	U	A	P	A	P	A	3
UUPUAAP	U	U	P	U	A	A	P	3
UUPUUAU	U	U	P	U	U	A	U	3
UUPUXPU	U	U	P	U	X	P	U	3
UUPXUPA	U	U	P	X	U	P	A	3
UUPXUXP	U	U	P	X	U	X	P	3
UUUPAAA	U	U	U	P	A	A	A	3
UUUPPPP	U	U	U	P	P	P	P	3
UUUPUXU	U	U	U	P	U	X	U	3
UUUUUAP	U	U	U	U	U	A	P	3
UUXAAPP	U	U	X	A	A	P	P	3
UUXPUPA	U	U	X	P	U	P	A	3
UUXPUXU	U	U	X	P	U	X	U	3
UXAPUAP	U	X	A	P	U	A	P	3
UXAPUPA	U	X	A	P	U	P	A	3
UXAUPAU	U	X	A	U	P	A	U	3
UXAUPUP	U	X	A	U	P	U	P	3
UXPAUPP	U	X	P	A	U	P	P	3
UXPPPPU	U	X	P	P	P	P	U	3
UXPPXPP	U	X	P	P	X	P	P	3
UXPUAUP	U	X	P	U	A	U	P	3
UXPUUPA	U	X	P	U	U	P	A	3
UXUAPUU	U	X	U	A	P	U	U	3
UXUPUUP	U	X	U	P	U	U	P	3
UXUUPPU	U	X	U	U	P	P	U	3
XAAAPAA	X	A	A	A	P	A	A	3
XAAAPAP	X	A	A	A	P	A	P	3
XAAXAAA	X	A	A	X	A	A	A	3
XAPAUPA	X	A	P	A	U	P	A	3
XAPPUPA	X	A	P	P	U	P	A	3
XAPPXPX	X	A	P	P	X	P	X	3
XAPUAAP	X	A	P	U	A	A	P	3
XAXAAPP	X	A	X	A	A	P	P	3
XAXUAPP	X	A	X	U	A	P	P	3
XAXXXPX	X	A	X	X	X	P	X	3
XMAAPAP	X	M	A	A	P	A	P	3
XPAPPAU	X	P	A	P	P	A	U	3
XPPAUUP	X	P	P	A	U	U	P	3
XPPPAPP	X	P	P	P	A	P	P	3
XPPUAUP	X	P	P	U	A	U	P	3
XPPXUPP	X	P	P	X	U	P	P	3
XPPXXXP	X	P	P	X	X	X	P	3
XPUPPAU	X	P	U	P	P	A	U	3
XPUPUPU	X	P	U	P	U	P	U	3
XPUPXUX	X	P	U	P	X	U	X	3
XPUUPUA	X	P	U	U	P	U	A	3
XPUXPUU	X	P	U	X	P	U	U	3
XPXPPAA	X	P	X	P	P	A	A	3
XPXUPXP	X	P	X	U	P	X	P	3
XPXXPAX	X	P	X	X	P	A	X	3
XUPAAPA	X	U	P	A	A	P	A	3
XUPPPPU	X	U	P	P	P	P	U	3
XUPPUPU	X	U	P	P	U	P	U	3
XUPPXPU	X	U	P	P	X	P	U	3
XUPUPAP	X	U	P	U	P	A	P	3
XUPUUPP	X	U	P	U	U	P	P	3
XUUPPUU	X	U	U	P	P	U	U	3
XUXPXPP	X	U	X	P	X	P	P	3
XUXPXXX	X	U	X	P	X	X	X	3
XUXXXXX	X	U	X	X	X	X	X	3
XXAPXAX	X	X	A	P	X	A	X	3
XXPAXPA	X	X	P	A	X	P	A	3
XXPPPAP	X	X	P	P	P	A	P	3
XXPUUUP	X	X	P	U	U	U	P	3
XXPXXAX	X	X	P	X	X	A	X	3
XXUPPUP	X	X	U	P	P	U	P	3
XXUPPUX	X	X	U	P	P	U	X	3
XXUPXUP	X	X	U	P	X	U	P	3
XXXAXAX	X	X	X	A	X	A	X	3
XXXAXPP	X	X	X	A	X	P	P	3
XXXPPAX	X	X	X	P	P	A	X	3
XXXPPPA	X	X	X	P	P	P	A	3
XXXPXAX	X	X	X	P	X	A	X	3
XXXPXXU	X	X	X	P	X	X	U	3
XXXUXXX	X	X	X	U	X	X	X	3
XXXXPXP	X	X	X	X	P	X	P	3
XXXXXAX	X	X	X	X	X	A	X	3
XXXXXXU	X	X	X	X	X	X	U	3
AAAAXPA	A	A	A	A	X	P	A	2
AAAAXUA	A	A	A	A	X	U	A	2
AAAPMAA	A	A	A	P	M	A	A	2
AAAPMUA	A	A	A	P	M	U	A	2
AAAPPPP	A	A	A	P	P	P	P	2
AAAPUUU	A	A	A	P	U	U	U	2
AAAUAUP	A	A	A	U	A	U	P	2
AAAUUAP	A	A	A	U	U	A	P	2
AAAXAXA	A	A	A	X	A	X	A	2
AAAXPAP	A	A	A	X	P	A	P	2
AAAXUAA	A	A	A	X	U	A	A	2
AAAXXAA	A	A	A	X	X	A	A	2
AAAXXPA	A	A	A	X	X	P	A	2
AAMAAPA	A	A	M	A	A	P	A	2
AAPAAXP	A	A	P	A	A	X	P	2
AAPAUUP	A	A	P	A	U	U	P	2
AAPAXPX	A	A	P	A	X	P	X	2
AAPPPXP	A	A	P	P	P	X	P	2
AAPPUAP	A	A	P	P	U	A	P	2
AAPPUUP	A	A	P	P	U	U	P	2
AAPPXPX	A	A	P	P	X	P	X	2
AAPXAPU	A	A	P	X	A	P	U	2
AAPXPAP	A	A	P	X	P	A	P	2
AAPXPPU	A	A	P	X	P	P	U	2
AAPXPXP	A	A	P	X	P	X	P	2
AAPXUPP	A	A	P	X	U	P	P	2
AAPXXPP	A	A	P	X	X	P	P	2
AAUPPUP	A	A	U	P	P	U	P	2
AAUPXUP	A	A	U	P	X	U	P	2
AAUUAAP	A	A	U	U	A	A	P	2
AAXAXPP	A	A	X	A	X	P	P	2
AAXPPXX	A	A	X	P	P	X	X	2
AAXPUPP	A	A	X	P	U	P	P	2
AAXPXPX	A	A	X	P	X	P	X	2
AAXUPPP	A	A	X	U	P	P	P	2
AAXXAAA	A	A	X	X	A	A	A	2
AAXXAAP	A	A	X	X	A	A	P	2
AAXXAXA	A	A	X	X	A	X	A	2
AMAPAPA	A	M	A	P	A	P	A	2
AMAPPAA	A	M	A	P	P	A	A	2
AMAPUAA	A	M	A	P	U	A	A	2
AMPAPAP	A	M	P	A	P	A	P	2
AMPPAAP	A	M	P	P	A	A	P	2
AMPUUAP	A	M	P	U	U	A	P	2
AMUPUUA	A	M	U	P	U	U	A	2
AMXPAPA	A	M	X	P	A	P	A	2
APAAAPA	A	P	A	A	A	P	A	2
APAAPAU	A	P	A	A	P	A	U	2
APAPAUA	A	P	A	P	A	U	A	2
APAPPAA	A	P	A	P	P	A	A	2
APAUAAP	A	P	A	U	A	A	P	2
APAUAAU	A	P	A	U	A	A	U	2
APPAAPA	A	P	P	A	A	P	A	2
APPUAPA	A	P	P	U	A	P	A	2
APPUXUP	A	P	P	U	X	U	P	2
APUAAAA	A	P	U	A	A	A	A	2
APUAPAU	A	P	U	A	P	A	U	2
APUAUUU	A	P	U	A	U	U	U	2
APUPPUU	A	P	U	P	P	U	U	2
APUUPUP	A	P	U	U	P	U	P	2
APUUPUU	A	P	U	U	P	U	U	2
APUXPUU	A	P	U	X	P	U	U	2
APXPAPA	A	P	X	P	A	P	A	2
AUAAAAP	A	U	A	A	A	A	P	2
AUAAPAP	A	U	A	A	P	A	P	2
AUAPAPU	A	U	A	P	A	P	U	2
AUAPPAU	A	U	A	P	P	A	U	2
AUAUAPU	A	U	A	U	A	P	U	2
AUAXAUA	A	U	A	X	A	U	A	2
AUPPAPP	A	U	P	P	A	P	P	2
AUPPAPX	A	U	P	P	A	P	X	2
AUPUPUP	A	U	P	U	P	U	P	2
AUPUUPP	A	U	P	U	U	P	P	2
AUPUUUP	A	U	P	U	U	U	P	2
AUPUUUU	A	U	P	U	U	U	U	2
AUUAUPU	A	U	U	A	U	P	U	2
AUUPAPU	A	U	U	P	A	P	U	2
AUUPPUU	A	U	U	P	P	U	U	2
AUUPUAA	A	U	U	P	U	A	A	2
AUUPUAU	A	U	U	P	U	A	U	2
AUUUAPA	A	U	U	U	A	P	A	2
AUXPUPP	A	U	X	P	U	P	P	2
AUXXUPP	A	U	X	X	U	P	P	2
AXAAPPA	A	X	A	A	P	P	A	2
AXAAPUA	A	X	A	A	P	U	A	2
AXAPAAA	A	X	A	P	A	A	A	2
AXAPPAP	A	X	A	P	P	A	P	2
AXAPXPA	A	X	A	P	X	P	A	2
AXAUPUA	A	X	A	U	P	U	A	2
AXPAAPP	A	X	P	A	A	P	P	2
AXPAAPU	A	X	P	A	A	P	U	2
AXPPAAP	A	X	P	P	A	A	P	2
AXPPAPX	A	X	P	P	A	P	X	2
AXPPAUP	A	X	P	P	A	U	P	2
AXPPPUP	A	X	P	P	P	U	P	2
AXPPUPA	A	X	P	P	U	P	A	2
AXPPXPP	A	X	P	P	X	P	P	2
AXPUAPU	A	X	P	U	A	P	U	2
AXUPAPU	A	X	U	P	A	P	U	2
AXUUAUU	A	X	U	U	A	U	U	2
AXUUPUA	A	X	U	U	P	U	A	2
AXUUUUU	A	X	U	U	U	U	U	2
AXXPAPP	A	X	X	P	A	P	P	2
AXXPAPX	A	X	X	P	A	P	X	2
AXXPPPX	A	X	X	P	P	P	X	2
MAAPAUA	M	A	A	P	A	U	A	2
MPPPXPP	M	P	P	P	X	P	P	2
MUPUUPU	M	U	P	U	U	P	U	2
MUPUUUP	M	U	P	U	U	U	P	2
MUXPUPP	M	U	X	P	U	P	P	2
PAAAAAU	P	A	A	A	A	A	U	2
PAAPAPA	P	A	A	P	A	P	A	2
PAAPPAP	P	A	A	P	P	A	P	2
PAAPXPA	P	A	A	P	X	P	A	2
PAAXPAA	P	A	A	X	P	A	A	2
PAPAAPP	P	A	P	A	A	P	P	2
PAPAPXP	P	A	P	A	P	X	P	2
PAPPPPX	P	A	P	P	P	P	X	2
PAPPPXU	P	A	P	P	P	X	U	2
PAPUAUP	P	A	P	U	A	U	P	2
PAPUPUU	P	A	P	U	P	U	U	2
PAPUUAP	P	A	P	U	U	A	P	2
PAUAPAU	P	A	U	A	P	A	U	2
PAXAAAP	P	A	X	A	A	A	P	2
PAXAPPP	P	A	X	A	P	P	P	2
PAXPAPP	P	A	X	P	A	P	P	2
PAXPXPP	P	A	X	P	X	P	P	2
PAXUPPP	P	A	X	U	P	P	P	2
PMAAAUA	P	M	A	A	A	U	A	2
PMAAPUA	P	M	A	A	P	U	A	2
PMAPPAP	P	M	A	P	P	A	P	2
PMAUAAA	P	M	A	U	A	A	A	2
PMAUPUA	P	M	A	U	P	U	A	2
PMAXPAP	P	M	A	X	P	A	P	2
PMPAPPA	P	M	P	A	P	P	A	2
PMPPUPU	P	M	P	P	U	P	U	2
PMPPUUP	P	M	P	P	U	U	P	2
PMPUXUP	P	M	P	U	X	U	P	2
PMUAPUU	P	M	U	A	P	U	U	2
PMUPUUU	P	M	U	P	U	U	U	2
PMXUUPP	P	M	X	U	U	P	P	2
PPAAXAU	P	P	A	A	X	A	U	2
PPAPAAP	P	P	A	P	A	A	P	2
PPAPAUA	P	P	A	P	A	U	A	2
PPAPPPP	P	P	A	P	P	P	P	2
PPAPPPU	P	P	A	P	P	P	U	2
PPAPPUP	P	P	A	P	P	U	P	2
PPAPPXU	P	P	A	P	P	X	U	2
PPAPXUP	P	P	A	P	X	U	P	2
PPAXPAX	P	P	A	X	P	A	X	2
PPAXPXA	P	P	A	X	P	X	A	2
PPAXXAX	P	P	A	X	X	A	X	2
PPMAPAP	P	P	M	A	P	A	P	2
PPMAPUP	P	P	M	A	P	U	P	2
PPMPPPP	P	P	M	P	P	P	P	2
PPMPPUP	P	P	M	P	P	U	P	2
PPPAMAP	P	P	P	A	M	A	P	2
PPPAPAU	P	P	P	A	P	A	U	2
PPPAPPX	P	P	P	A	P	P	X	2
PPPAUPA	P	P	P	A	U	P	A	2
PPPAUPU	P	P	P	A	U	P	U	2
PPPAXPA	P	P	P	A	X	P	A	2
PPPPAPX	P	P	P	P	A	P	X	2
PPPPPMP	P	P	P	P	P	M	P	2
PPPPUUU	P	P	P	P	U	U	U	2
PPPPUXP	P	P	P	P	U	X	P	2
PPPUAPU	P	P	P	U	A	P	U	2
PPPUUPX	P	P	P	U	U	P	X	2
PPPUUXP	P	P	P	U	U	X	P	2
PPPUXXU	P	P	P	U	X	X	U	2
PPPXAXP	P	P	P	X	A	X	P	2
PPPXUUP	P	P	P	X	U	U	P	2
PPUAPUX	P	P	U	A	P	U	X	2
PPUAXUU	P	P	U	A	X	U	U	2
PPUPAUP	P	P	U	P	A	U	P	2
PPUPPAA	P	P	U	P	P	A	A	2
PPUPUAU	P	P	U	P	U	A	U	2
PPUPXAA	P	P	U	P	X	A	A	2
PPUPXPA	P	P	U	P	X	P	A	2
PPUPXUX	P	P	U	P	X	U	X	2
PPUUAAU	P	P	U	U	A	A	U	2
PPUUUPP	P	P	U	U	U	P	P	2
PPUXPUA	P	P	U	X	P	U	A	2
PPUXUUP	P	P	U	X	U	U	P	2
PPXAUAP	P	P	X	A	U	A	P	2
PPXPAPA	P	P	X	P	A	P	A	2
PPXPPPU	P	P	X	P	P	P	U	2
PPXPUXP	P	P	X	P	U	X	P	2
PPXPXAA	P	P	X	P	X	A	A	2
PPXUAAX	P	P	X	U	A	A	X	2
PPXUAXP	P	P	X	U	A	X	P	2
PPXUMPP	P	P	X	U	M	P	P	2
PPXUPAX	P	P	X	U	P	A	X	2
PPXUPUP	P	P	X	U	P	U	P	2
PPXUXPX	P	P	X	U	X	P	X	2
PPXXUPX	P	P	X	X	U	P	X	2
PPXXXPX	P	P	X	X	X	P	X	2
PUAAAUA	P	U	A	A	A	U	A	2
PUAAPUA	P	U	A	A	P	U	A	2
PUAAPUU	P	U	A	A	P	U	U	2
PUAAPXA	P	U	A	A	P	X	A	2
PUAAUUU	P	U	A	A	U	U	U	2
PUAPPAP	P	U	A	P	P	A	P	2
PUAPXAP	P	U	A	P	X	A	P	2
PUAUAAA	P	U	A	U	A	A	A	2
PUAUPUU	P	U	A	U	P	U	U	2
PUPAAUP	P	U	P	A	A	U	P	2
PUPAPPA	P	U	P	A	P	P	A	2
PUPAXAP	P	U	P	A	X	A	P	2
PUPUPXP	P	U	P	U	P	X	P	2
PUPUXPP	P	U	P	U	X	P	P	2
PUUAPUA	P	U	U	A	P	U	A	2
PUUAUAU	P	U	U	A	U	A	U	2
PUUAUUA	P	U	U	A	U	U	A	2
PUUAUUP	P	U	U	A	U	U	P	2
PUUPUAU	P	U	U	P	U	A	U	2
PUUUUUX	P	U	U	U	U	U	X	2
PUUUXUP	P	U	U	U	X	U	P	2
PUUUXUU	P	U	U	U	X	U	U	2
PUXAUPP	P	U	X	A	U	P	P	2
PUXPAPP	P	U	X	P	A	P	P	2
PUXPPPX	P	U	X	P	P	P	X	2
PUXPPXU	P	U	X	P	P	X	U	2
PUXUPXU	P	U	X	U	P	X	U	2
PUXXPPP	P	U	X	X	P	P	P	2
PUXXUPP	P	U	X	X	U	P	P	2
PXAAAAP	P	X	A	A	A	A	P	2
PXAAAUA	P	X	A	A	A	U	A	2
PXAAUAP	P	X	A	A	U	A	P	2
PXAPAAU	P	X	A	P	A	A	U	2
PXAUUAA	P	X	A	U	U	A	A	2
PXAXPAP	P	X	A	X	P	A	P	2
PXPAAPA	P	X	P	A	A	P	A	2
PXPAUUP	P	X	P	A	U	U	P	2
PXPAXXP	P	X	P	A	X	X	P	2
PXPPUUP	P	X	P	P	U	U	P	2
PXPPXPX	P	X	P	P	X	P	X	2
PXPUAAP	P	X	P	U	A	A	P	2
PXPUMUP	P	X	P	U	M	U	P	2
PXPUPXP	P	X	P	U	P	X	P	2
PXPUUPU	P	X	P	U	U	P	U	2
PXPUXPP	P	X	P	U	X	P	P	2
PXPUXPU	P	X	P	U	X	P	U	2
PXPXAAP	P	X	P	X	A	A	P	2
PXPXXAP	P	X	P	X	X	A	P	2
PXPXXPX	P	X	P	X	X	P	X	2
PXUAAUU	P	X	U	A	A	U	U	2
PXUAPAA	P	X	U	A	P	A	A	2
PXUPPPA	P	X	U	P	P	P	A	2
PXUPPUA	P	X	U	P	P	U	A	2
PXUPUAU	P	X	U	P	U	A	U	2
PXUPXUU	P	X	U	P	X	U	U	2
PXUUPPP	P	X	U	U	P	P	P	2
PXUUUAU	P	X	U	U	U	A	U	2
PXUXPUP	P	X	U	X	P	U	P	2
PXXAPAX	P	X	X	A	P	A	X	2
PXXPPAA	P	X	X	P	P	A	A	2
PXXPPAP	P	X	X	P	P	A	P	2
PXXPPUX	P	X	X	P	P	U	X	2
PXXPXAP	P	X	X	P	X	A	P	2
PXXXPUX	P	X	X	X	P	U	X	2
PXXXPXU	P	X	X	X	P	X	U	2
PXXXPXX	P	X	X	X	P	X	X	2
UAAAPPA	U	A	A	A	P	P	A	2
UAAPAAP	U	A	A	P	A	A	P	2
UAAPPUA	U	A	A	P	P	U	A	2
UAAPUUU	U	A	A	P	U	U	U	2
UAAUPAA	U	A	A	U	P	A	A	2
UAAUPUA	U	A	A	U	P	U	A	2
UAAXPAA	U	A	A	X	P	A	A	2
UAAXPUA	U	A	A	X	P	U	A	2
UAPAAUP	U	A	P	A	A	U	P	2
UAPPAPP	U	A	P	P	A	P	P	2
UAPPUPA	U	A	P	P	U	P	A	2
UAPUUAP	U	A	P	U	U	A	P	2
UAUAAUP	U	A	U	A	A	U	P	2
UAUAUPU	U	A	U	A	U	P	U	2
UAUPPAU	U	A	U	P	P	A	U	2
UAUPUAA	U	A	U	P	U	A	A	2
UAUPUPA	U	A	U	P	U	P	A	2
UAUUAPU	U	A	U	U	A	P	U	2
UAUUPPU	U	A	U	U	P	P	U	2
UAUUUPP	U	A	U	U	U	P	P	2
UAUXAUA	U	A	U	X	A	U	A	2
UAXAAPP	U	A	X	A	A	P	P	2
UAXPAPP	U	A	X	P	A	P	P	2
UAXUAPP	U	A	X	U	A	P	P	2
UMAAUAP	U	M	A	A	U	A	P	2
UMAPAAA	U	M	A	P	A	A	A	2
UMAPPAA	U	M	A	P	P	A	A	2
UMPAPUP	U	M	P	A	P	U	P	2
UMPAUPA	U	M	P	A	U	P	A	2
UMPPUPA	U	M	P	P	U	P	A	2
UMPUUAP	U	M	P	U	U	A	P	2
UMPUUPA	U	M	P	U	U	P	A	2
UMPXUPU	U	M	P	X	U	P	U	2
UMUPPAU	U	M	U	P	P	A	U	2
UMUPUUA	U	M	U	P	U	U	A	2
UMUUPUP	U	M	U	U	P	U	P	2
UMXUUPP	U	M	X	U	U	P	P	2
UPAPAPA	U	P	A	P	A	P	A	2
UPAPPAA	U	P	A	P	P	A	A	2
UPAPPAP	U	P	A	P	P	A	P	2
UPAPUAP	U	P	A	P	U	A	P	2
UPAPUUA	U	P	A	P	U	U	A	2
UPAPXAP	U	P	A	P	X	A	P	2
UPAUAAA	U	P	A	U	A	A	A	2
UPAUAUU	U	P	A	U	A	U	U	2
UPAXPUA	U	P	A	X	P	U	A	2
UPPAAUP	U	P	P	A	A	U	P	2
UPPAPXP	U	P	P	A	P	X	P	2
UPPAUUU	U	P	P	A	U	U	U	2
UPPPAPP	U	P	P	P	A	P	P	2
UPPPPPA	U	P	P	P	P	P	A	2
UPPPPPX	U	P	P	P	P	P	X	2
UPPPUPX	U	P	P	P	U	P	X	2
UPPPXPA	U	P	P	P	X	P	A	2
UPPUPPA	U	P	P	U	P	P	A	2
UPPUUUA	U	P	P	U	U	U	A	2
UPPUXPP	U	P	P	U	X	P	P	2
UPPXPAP	U	P	P	X	P	A	P	2
UPPXXPP	U	P	P	X	X	P	P	2
UPUAAUA	U	P	U	A	A	U	A	2
UPUAUUP	U	P	U	A	U	U	P	2
UPUPPAU	U	P	U	P	P	A	U	2
UPUPXPU	U	P	U	P	X	P	U	2
UPUUAPU	U	P	U	U	A	P	U	2
UPUUPPP	U	P	U	U	P	P	P	2
UPUUUAP	U	P	U	U	U	A	P	2
UPUXPPU	U	P	U	X	P	P	U	2
UPXAPAP	U	P	X	A	P	A	P	2
UPXAUPP	U	P	X	A	U	P	P	2
UPXPUXP	U	P	X	P	U	X	P	2
UPXUPXP	U	P	X	U	P	X	P	2
UPXUUXP	U	P	X	U	U	X	P	2
UPXXPPP	U	P	X	X	P	P	P	2
UPXXPXP	U	P	X	X	P	X	P	2
UPXXUPP	U	P	X	X	U	P	P	2
UUAAUPU	U	U	A	A	U	P	U	2
UUAPAUU	U	U	A	P	A	U	U	2
UUAPXAA	U	U	A	P	X	A	A	2
UUAPXAU	U	U	A	P	X	A	U	2
UUAPXPA	U	U	A	P	X	P	A	2
UUPAAXA	U	U	P	A	A	X	A	2
UUPAPPA	U	U	P	A	P	P	A	2
UUPAUAX	U	U	P	A	U	A	X	2
UUPAUUU	U	U	P	A	U	U	U	2
UUPPAPP	U	U	P	P	A	P	P	2
UUPPPXP	U	U	P	P	P	X	P	2
UUPPUXP	U	U	P	P	U	X	P	2
UUPPXAP	U	U	P	P	X	A	P	2
UUPUPUX	U	U	P	U	P	U	X	2
UUPUUXP	U	U	P	U	U	X	P	2
UUPXAPA	U	U	P	X	A	P	A	2
UUPXPUP	U	U	P	X	P	U	P	2
UUPXUAP	U	U	P	X	U	A	P	2
UUPXXPP	U	U	P	X	X	P	P	2
UUUAAAP	U	U	U	A	A	A	P	2
UUUAAPA	U	U	U	A	A	P	A	2
UUUAAUP	U	U	U	A	A	U	P	2
UUUAUPA	U	U	U	A	U	P	A	2
UUUPAUP	U	U	U	P	A	U	P	2
UUUPPXU	U	U	U	P	P	X	U	2
UUUPXXU	U	U	U	P	X	X	U	2
UUUUPPP	U	U	U	U	P	P	P	2
UUUUUMU	U	U	U	U	U	M	U	2
UUUUUPA	U	U	U	U	U	P	A	2
UUUXAUA	U	U	U	X	A	U	A	2
UUUXUPP	U	U	U	X	U	P	P	2
UUUXXPU	U	U	U	X	X	P	U	2
UUXAPPP	U	U	X	A	P	P	P	2
UUXPAPA	U	U	X	P	A	P	A	2
UUXPPPA	U	U	X	P	P	P	A	2
UUXPUXP	U	U	X	P	U	X	P	2
UUXPXPX	U	U	X	P	X	P	X	2
UXAAPAA	U	X	A	A	P	A	A	2
UXAAPAP	U	X	A	A	P	A	P	2
UXAUAUA	U	X	A	U	A	U	A	2
UXAUPAP	U	X	A	U	P	A	P	2
UXAUUPA	U	X	A	U	U	P	A	2
UXPAPPP	U	X	P	A	P	P	P	2
UXPAPUP	U	X	P	A	P	U	P	2
UXPAUAP	U	X	P	A	U	A	P	2
UXPPPPX	U	X	P	P	P	P	X	2
UXPPUPA	U	X	P	P	U	P	A	2
UXPPUUU	U	X	P	P	U	U	U	2
UXPUUAP	U	X	P	U	U	A	P	2
UXPUUAU	U	X	P	U	U	A	U	2
UXUAPUP	U	X	U	A	P	U	P	2
UXUPPAU	U	X	U	P	P	A	U	2
UXUUPUA	U	X	U	U	P	U	A	2
XAPAXPA	X	A	P	A	X	P	A	2
XAPPXPP	X	A	P	P	X	P	P	2
XAPUAUP	X	A	P	U	A	U	P	2
XAPUPUP	X	A	P	U	P	U	P	2
XAPXAPP	X	A	P	X	A	P	P	2
XAPXPPA	X	A	P	X	P	P	A	2
XAUPAPU	X	A	U	P	A	P	U	2
XAXAPPP	X	A	X	A	P	P	P	2
XAXPXPP	X	A	X	P	X	P	P	2
XAXXPPP	X	A	X	X	P	P	P	2
XMPAPPP	X	M	P	A	P	P	P	2
XMPPPPU	X	M	P	P	P	P	U	2
XMPPXPP	X	M	P	P	X	P	P	2
XMUUPUU	X	M	U	U	P	U	U	2
XMXPXPX	X	M	X	P	X	P	X	2
XMXXPPX	X	M	X	X	P	P	X	2
XMXXXXX	X	M	X	X	X	X	X	2
XPAAAPA	X	P	A	A	A	P	A	2
XPAAPAX	X	P	A	A	P	A	X	2
XPAAPXA	X	P	A	A	P	X	A	2
XPAAPXU	X	P	A	A	P	X	U	2
XPAAUAP	X	P	A	A	U	A	P	2
XPAAXPA	X	P	A	A	X	P	A	2
XPAUAUA	X	P	A	U	A	U	A	2
XPAUPAU	X	P	A	U	P	A	U	2
XPPAUPP	X	P	P	A	U	P	P	2
XPPPAXP	X	P	P	P	A	X	P	2
XPPPUPA	X	P	P	P	U	P	A	2
XPPUPPA	X	P	P	U	P	P	A	2
XPPUUPU	X	P	P	U	U	P	U	2
XPPUXAP	X	P	P	U	X	A	P	2
XPPXUAP	X	P	P	X	U	A	P	2
XPUAAUP	X	P	U	A	A	U	P	2
XPUAPPU	X	P	U	A	P	P	U	2
XPUAUUU	X	P	U	A	U	U	U	2
XPUPPPP	X	P	U	P	P	P	P	2
XPUUPAU	X	P	U	U	P	A	U	2
XPUUUPU	X	P	U	U	U	P	U	2
XPUXPAU	X	P	U	X	P	A	U	2
XPUXXPU	X	P	U	X	X	P	U	2
XPXAPAX	X	P	X	A	P	A	X	2
XPXAPXA	X	P	X	A	P	X	A	2
XPXPAPP	X	P	X	P	A	P	P	2
XPXPPPA	X	P	X	P	P	P	A	2
XPXPPXX	X	P	X	P	P	X	X	2
XPXPXAP	X	P	X	P	X	A	P	2
XPXUPAA	X	P	X	U	P	A	A	2
XPXUPAP	X	P	X	U	P	A	P	2
XPXUPUX	X	P	X	U	P	U	X	2
XPXUPXU	X	P	X	U	P	X	U	2
XPXXAPX	X	P	X	X	A	P	X	2
XPXXXUX	X	P	X	X	X	U	X	2
XUAAPAU	X	U	A	A	P	A	U	2
XUPAPUP	X	U	P	A	P	U	P	2
XUPPUUP	X	U	P	P	U	U	P	2
XUPPXPA	X	U	P	P	X	P	A	2
XUPPXPX	X	U	P	P	X	P	X	2
XUPPXUP	X	U	P	P	X	U	P	2
XUPUPPU	X	U	P	U	P	P	U	2
XUUPUUU	X	U	U	P	U	U	U	2
XUUUUUP	X	U	U	U	U	U	P	2
XUXXXPX	X	U	X	X	X	P	X	2
XUXXXXP	X	U	X	X	X	X	P	2
XXAAXAX	X	X	A	A	X	A	X	2
XXAUPUA	X	X	A	U	P	U	A	2
XXAXPPA	X	X	A	X	P	P	A	2
XXAXXAX	X	X	A	X	X	A	X	2
XXPAAPU	X	X	P	A	A	P	U	2
XXPAPPP	X	X	P	A	P	P	P	2
XXPAPXP	X	X	P	A	P	X	P	2
XXPAXAP	X	X	P	A	X	A	P	2
XXPAXPP	X	X	P	A	X	P	P	2
XXPPAPP	X	X	P	P	A	P	P	2
XXPPUPU	X	X	P	P	U	P	U	2
XXPPXXX	X	X	P	P	X	X	X	2
XXPUPAP	X	X	P	U	P	A	P	2
XXPUUPU	X	X	P	U	U	P	U	2
XXPXPAP	X	X	P	X	P	A	P	2
XXPXPUP	X	X	P	X	P	U	P	2
XXPXXUP	X	X	P	X	X	U	P	2
XXUPXPP	X	X	U	P	X	P	P	2
XXUPXXU	X	X	U	P	X	X	U	2
XXUUXUU	X	X	U	U	X	U	U	2
XXXAXXA	X	X	X	A	X	X	A	2
XXXAXXP	X	X	X	A	X	X	P	2
XXXPAPA	X	X	X	P	A	P	A	2
XXXPAPX	X	X	X	P	A	P	X	2
XXXPXAP	X	X	X	P	X	A	P	2
XXXPXPA	X	X	X	P	X	P	A	2
XXXPXXA	X	X	X	P	X	X	A	2
XXXUAPP	X	X	X	U	A	P	P	2
XXXUPPX	X	X	X	U	P	P	X	2
XXXUXAX	X	X	X	U	X	A	X	2
XXXXPPP	X	X	X	X	P	P	P	2
XXXXXUX	X	X	X	X	X	U	X	2
AAAAAXA	A	A	A	A	A	X	A	1
AAAAPXA	A	A	A	A	P	X	A	1
AAAAUPP	A	A	A	A	U	P	P	1
AAAAUPU	A	A	A	A	U	P	U	1
AAAAUUP	A	A	A	A	U	U	P	1
AAAPAAX	A	A	A	P	A	A	X	1
AAAPAMA	A	A	A	P	A	M	A	1
AAAPAPX	A	A	A	P	A	P	X	1
AAAPPPU	A	A	A	P	P	P	U	1
AAAPUPU	A	A	A	P	U	P	U	1
AAAPXUA	A	A	A	P	X	U	A	1
AAAPXXA	A	A	A	P	X	X	A	1
AAAUPAP	A	A	A	U	P	A	P	1
AAAUUPP	A	A	A	U	U	P	P	1
AAAXAAX	A	A	A	X	A	A	X	1
AAAXPPU	A	A	A	X	P	P	U	1
AAAXPUA	A	A	A	X	P	U	A	1
AAAXUPA	A	A	A	X	U	P	A	1
AAMPAAA	A	A	M	P	A	A	A	1
AAMPAUA	A	A	M	P	A	U	A	1
AAMPPAA	A	A	M	P	P	A	A	1
AAMUAPA	A	A	M	U	A	P	A	1
AAPAAUU	A	A	P	A	A	U	U	1
AAPAPXP	A	A	P	A	P	X	P	1
AAPAXPU	A	A	P	A	X	P	U	1
AAPPAAA	A	A	P	P	A	A	A	1
AAPPAXP	A	A	P	P	A	X	P	1
AAPPXUP	A	A	P	P	X	U	P	1
AAPPXXP	A	A	P	P	X	X	P	1
AAPUAUU	A	A	P	U	A	U	U	1
AAPUPPU	A	A	P	U	P	P	U	1
AAPUUPP	A	A	P	U	U	P	P	1
AAPUUUU	A	A	P	U	U	U	U	1
AAPXAUP	A	A	P	X	A	U	P	1
AAPXAXA	A	A	P	X	A	X	A	1
AAPXAXP	A	A	P	X	A	X	P	1
AAPXPPP	A	A	P	X	P	P	P	1
AAPXUPA	A	A	P	X	U	P	A	1
AAPXUPU	A	A	P	X	U	P	U	1
AAPXXXU	A	A	P	X	X	X	U	1
AAUAAAP	A	A	U	A	A	A	P	1
AAUAPAA	A	A	U	A	P	A	A	1
AAUAUPA	A	A	U	A	U	P	A	1
AAUPAUX	A	A	U	P	A	U	X	1
AAUPUAA	A	A	U	P	U	A	A	1
AAUPXPU	A	A	U	P	X	P	U	1
AAUPXUA	A	A	U	P	X	U	A	1
AAUUUPA	A	A	U	U	U	P	A	1
AAUXAPU	A	A	U	X	A	P	U	1
AAUXPAU	A	A	U	X	P	A	U	1
AAUXPPU	A	A	U	X	P	P	U	1
AAUXPUA	A	A	U	X	P	U	A	1
AAUXUPU	A	A	U	X	U	P	U	1
AAXAAAX	A	A	X	A	A	A	X	1
AAXAAPU	A	A	X	A	A	P	U	1
AAXAAXP	A	A	X	A	A	X	P	1
AAXAAXX	A	A	X	A	A	X	X	1
AAXAPPA	A	A	X	A	P	P	A	1
AAXAPXP	A	A	X	A	P	X	P	1
AAXAUXA	A	A	X	A	U	X	A	1
AAXAUXU	A	A	X	A	U	X	U	1
AAXPAAA	A	A	X	P	A	A	A	1
AAXPAPU	A	A	X	P	A	P	U	1
AAXPAXP	A	A	X	P	A	X	P	1
AAXPAXU	A	A	X	P	A	X	U	1
AAXPAXX	A	A	X	P	A	X	X	1
AAXPPUX	A	A	X	P	P	U	X	1
AAXPPXP	A	A	X	P	P	X	P	1
AAXPPXU	A	A	X	P	P	X	U	1
AAXPUPA	A	A	X	P	U	P	A	1
AAXPUPX	A	A	X	P	U	P	X	1
AAXPXAP	A	A	X	P	X	A	P	1
AAXPXAX	A	A	X	P	X	A	X	1
AAXPXXA	A	A	X	P	X	X	A	1
AAXUAXU	A	A	X	U	A	X	U	1
AAXXAXX	A	A	X	X	A	X	X	1
AAXXPUX	A	A	X	X	P	U	X	1
AAXXUAX	A	A	X	X	U	A	X	1
AAXXXAP	A	A	X	X	X	A	P	1
AMAPAAP	A	M	A	P	A	A	P	1
AMAPAAU	A	M	A	P	A	A	U	1
AMAUPAA	A	M	A	U	P	A	A	1
AMAUPUA	A	M	A	U	P	U	A	1
AMMPAPA	A	M	M	P	A	P	A	1
AMPAAUP	A	M	P	A	A	U	P	1
AMPAPPP	A	M	P	A	P	P	P	1
AMPAUAP	A	M	P	A	U	A	P	1
AMPAUPA	A	M	P	A	U	P	A	1
AMPAUUP	A	M	P	A	U	U	P	1
AMPPAPP	A	M	P	P	A	P	P	1
AMPPPPP	A	M	P	P	P	P	P	1
AMPPUPA	A	M	P	P	U	P	A	1
AMPPUUP	A	M	P	P	U	U	P	1
AMPUAAP	A	M	P	U	A	A	P	1
AMPUAUP	A	M	P	U	A	U	P	1
AMPUPPA	A	M	P	U	P	P	A	1
AMPUUPA	A	M	P	U	U	P	A	1
AMPXAPA	A	M	P	X	A	P	A	1
AMUPAPU	A	M	U	P	A	P	U	1
AMUPAUA	A	M	U	P	A	U	A	1
AMUPPUA	A	M	U	P	P	U	A	1
AMXPPPA	A	M	X	P	P	P	A	1
APAAPAX	A	P	A	A	P	A	X	1
APAAPUP	A	P	A	A	P	U	P	1
APAAUAP	A	P	A	A	U	A	P	1
APAAUAU	A	P	A	A	U	A	U	1
APAAUUA	A	P	A	A	U	U	A	1
APAAXPA	A	P	A	A	X	P	A	1
APAPUAA	A	P	A	P	U	A	A	1
APAPXAP	A	P	A	P	X	A	P	1
APAPXPA	A	P	A	P	X	P	A	1
APAUAUU	A	P	A	U	A	U	U	1
APAUPPA	A	P	A	U	P	P	A	1
APAUUAP	A	P	A	U	U	A	P	1
APAUUUU	A	P	A	U	U	U	U	1
APPAAPP	A	P	P	A	A	P	P	1
APPAAPU	A	P	P	A	A	P	U	1
APPAPPA	A	P	P	A	P	P	A	1
APPAPPP	A	P	P	A	P	P	P	1
APPAPXP	A	P	P	A	P	X	P	1
APPAUAP	A	P	P	A	U	A	P	1
APPAUPA	A	P	P	A	U	P	A	1
APPAXPA	A	P	P	A	X	P	A	1
APPPAPU	A	P	P	P	A	P	U	1
APPPAPX	A	P	P	P	A	P	X	1
APPPAUP	A	P	P	P	A	U	P	1
APPPPPU	A	P	P	P	P	P	U	1
APPPUPP	A	P	P	P	U	P	P	1
APPPXAP	A	P	P	P	X	A	P	1
APPPXPA	A	P	P	P	X	P	A	1
APPUAAP	A	P	P	U	A	A	P	1
APPUAPP	A	P	P	U	A	P	P	1
APPUPPX	A	P	P	U	P	P	X	1
APPUUAP	A	P	P	U	U	A	P	1
APPUUUP	A	P	P	U	U	U	P	1
APPXAAP	A	P	P	X	A	A	P	1
APPXAPA	A	P	P	X	A	P	A	1
APPXPAP	A	P	P	X	P	A	P	1
APPXPUP	A	P	P	X	P	U	P	1
APUAAUP	A	P	U	A	A	U	P	1
APUAAUU	A	P	U	A	A	U	U	1
APUAPUA	A	P	U	A	P	U	A	1
APUAPUU	A	P	U	A	P	U	U	1
APUAUPP	A	P	U	A	U	P	P	1
APUPAPU	A	P	U	P	A	P	U	1
APUPAUA	A	P	U	P	A	U	A	1
APUPPAP	A	P	U	P	P	A	P	1
APUPUUP	A	P	U	P	U	U	P	1
APUPUUU	A	P	U	P	U	U	U	1
APUUAAA	A	P	U	U	A	A	A	1
APUUAUP	A	P	U	U	A	U	P	1
APUUUAU	A	P	U	U	U	A	U	1
APUUUUA	A	P	U	U	U	U	A	1
APUXXUP	A	P	U	X	X	U	P	1
APXAPPA	A	P	X	A	P	P	A	1
APXAPXP	A	P	X	A	P	X	P	1
APXPAXU	A	P	X	P	A	X	U	1
APXPUXP	A	P	X	P	U	X	P	1
APXUXUX	A	P	X	U	X	U	X	1
APXUXXP	A	P	X	U	X	X	P	1
APXXAAP	A	P	X	X	A	A	P	1
AUAAAPU	A	U	A	A	A	P	U	1
AUAAPAU	A	U	A	A	P	A	U	1
AUAAPUA	A	U	A	A	P	U	A	1
AUAPAXA	A	U	A	P	A	X	A	1
AUAPUPA	A	U	A	P	U	P	A	1
AUAUPAA	A	U	A	U	P	A	A	1
AUAUUPA	A	U	A	U	U	P	A	1
AUPAAPX	A	U	P	A	A	P	X	1
AUPAPPA	A	U	P	A	P	P	A	1
AUPAPPP	A	U	P	A	P	P	P	1
AUPAPUP	A	U	P	A	P	U	P	1
AUPAPXP	A	U	P	A	P	X	P	1
AUPAUPP	A	U	P	A	U	P	P	1
AUPPAAP	A	U	P	P	A	A	P	1
AUPPAUP	A	U	P	P	A	U	P	1
AUPPPPP	A	U	P	P	P	P	P	1
AUPPPPU	A	U	P	P	P	P	U	1
AUPPUAP	A	U	P	P	U	A	P	1
AUPPUPP	A	U	P	P	U	P	P	1
AUPPXPP	A	U	P	P	X	P	P	1
AUPPXPU	A	U	P	P	X	P	U	1
AUPUAPP	A	U	P	U	A	P	P	1
AUPUAPX	A	U	P	U	A	P	X	1
AUPUPAP	A	U	P	U	P	A	P	1
AUPUPXU	A	U	P	U	P	X	U	1
AUPUUAP	A	U	P	U	U	A	P	1
AUPXAUP	A	U	P	X	A	U	P	1
AUPXUPU	A	U	P	X	U	P	U	1
AUUAAAP	A	U	U	A	A	A	P	1
AUUAAPA	A	U	U	A	A	P	A	1
AUUAAUP	A	U	U	A	A	U	P	1
AUUPUPU	A	U	U	P	U	P	U	1
AUUUAXA	A	U	U	U	A	X	A	1
AUUXAAA	A	U	U	X	A	A	A	1
AUXAAPP	A	U	X	A	A	P	P	1
AUXPAPP	A	U	X	P	A	P	P	1
AUXPAPX	A	U	X	P	A	P	X	1
AUXPPAA	A	U	X	P	P	A	A	1
AUXPUPA	A	U	X	P	U	P	A	1
AUXPXPA	A	U	X	P	X	P	A	1
AUXUPXP	A	U	X	U	P	X	P	1
AUXUUUX	A	U	X	U	U	U	X	1
AXAAAAP	A	X	A	A	A	A	P	1
AXAAAAU	A	X	A	A	A	A	U	1
AXAAAPA	A	X	A	A	A	P	A	1
AXAAPAP	A	X	A	A	P	A	P	1
AXAAPAU	A	X	A	A	P	A	U	1
AXAPAUA	A	X	A	P	A	U	A	1
AXAPAXA	A	X	A	P	A	X	A	1
AXAPPUA	A	X	A	P	P	U	A	1
AXAPUAA	A	X	A	P	U	A	A	1
AXAUAAA	A	X	A	U	A	A	A	1
AXAUAPA	A	X	A	U	A	P	A	1
AXAUAXA	A	X	A	U	A	X	A	1
AXAUUPA	A	X	A	U	U	P	A	1
AXAUXAA	A	X	A	U	X	A	A	1
AXAXAAA	A	X	A	X	A	A	A	1
AXAXAPA	A	X	A	X	A	P	A	1
AXAXAUA	A	X	A	X	A	U	A	1
AXPAAXP	A	X	P	A	A	X	P	1
AXPAPPA	A	X	P	A	P	P	A	1
AXPAPPP	A	X	P	A	P	P	P	1
AXPAPPX	A	X	P	A	P	P	X	1
AXPAPUP	A	X	P	A	P	U	P	1
AXPAUPP	A	X	P	A	U	P	P	1
AXPAUPU	A	X	P	A	U	P	U	1
AXPAUUP	A	X	P	A	U	U	P	1
AXPPPAP	A	X	P	P	P	A	P	1
AXPPPPX	A	X	P	P	P	P	X	1
AXPPUUU	A	X	P	P	U	U	U	1
AXPPXPU	A	X	P	P	X	P	U	1
AXPPXUP	A	X	P	P	X	U	P	1
AXPUPAP	A	X	P	U	P	A	P	1
AXPUUAP	A	X	P	U	U	A	P	1
AXPUUPA	A	X	P	U	U	P	A	1
AXPXAPU	A	X	P	X	A	P	U	1
AXPXPPX	A	X	P	X	P	P	X	1
AXPXXPA	A	X	P	X	X	P	A	1
AXPXXUP	A	X	P	X	X	U	P	1
AXUAPUU	A	X	U	A	P	U	U	1
AXUAXAA	A	X	U	A	X	A	A	1
AXUPAUA	A	X	U	P	A	U	A	1
AXUPAUU	A	X	U	P	A	U	U	1
AXUPPPU	A	X	U	P	P	P	U	1
AXUPPUA	A	X	U	P	P	U	A	1
AXUPPUU	A	X	U	P	P	U	U	1
AXUUPUP	A	X	U	U	P	U	P	1
AXUUUUP	A	X	U	U	U	U	P	1
AXUUXUU	A	X	U	U	X	U	U	1
AXXAAPP	A	X	X	A	A	P	P	1
AXXAAXA	A	X	X	A	A	X	A	1
AXXAXPP	A	X	X	A	X	P	P	1
AXXPAAA	A	X	X	P	A	A	A	1
AXXPAPA	A	X	X	P	A	P	A	1
AXXPXPA	A	X	X	P	X	P	A	1
AXXPXPP	A	X	X	P	X	P	P	1
AXXUPPP	A	X	X	U	P	P	P	1
AXXUUUX	A	X	X	U	U	U	X	1
AXXXAXA	A	X	X	X	A	X	A	1
AXXXAXX	A	X	X	X	A	X	X	1
AXXXPPA	A	X	X	X	P	P	A	1
AXXXXXP	A	X	X	X	X	X	P	1
MAAPAAA	M	A	A	P	A	A	A	1
MAAPAPA	M	A	A	P	A	P	A	1
MAPAUAP	M	A	P	A	U	A	P	1
MAUPAAA	M	A	U	P	A	A	A	1
MMPUPUP	M	M	P	U	P	U	P	1
MMPUUPU	M	M	P	U	U	P	U	1
MPAPUAA	M	P	A	P	U	A	A	1
MPPAPUP	M	P	P	A	P	U	P	1
MPPMPUP	M	P	P	M	P	U	P	1
MPPPPXU	M	P	P	P	P	X	U	1
MPPPUPP	M	P	P	P	U	P	P	1
MPPPXUP	M	P	P	P	X	U	P	1
MPPUPPP	M	P	P	U	P	P	P	1
MPPXPPP	M	P	P	X	P	P	P	1
MPUUPUP	M	P	U	U	P	U	P	1
MPUUPUU	M	P	U	U	P	U	U	1
MPXUPPP	M	P	X	U	P	P	P	1
MPXUXPP	M	P	X	U	X	P	P	1
MUAPAUA	M	U	A	P	A	U	A	1
MUPAUAP	M	U	P	A	U	A	P	1
MUPPPPU	M	U	P	P	P	P	U	1
MUPPPUP	M	U	P	P	P	U	P	1
MUPPUPU	M	U	P	P	U	P	U	1
MUUPUPU	M	U	U	P	U	P	U	1
MUXUPPP	M	U	X	U	P	P	P	1
MXPPAAP	M	X	P	P	A	A	P	1
MXPPPXP	M	X	P	P	P	X	P	1
PAAAAPA	P	A	A	A	A	P	A	1
PAAAPAU	P	A	A	A	P	A	U	1
PAAPAUA	P	A	A	P	A	U	A	1
PAAPPXA	P	A	A	P	P	X	A	1
PAAUAAU	P	A	A	U	A	A	U	1
PAAUAPA	P	A	A	U	A	P	A	1
PAAUPAP	P	A	A	U	P	A	P	1
PAAUPPA	P	A	A	U	P	P	A	1
PAAUPUU	P	A	A	U	P	U	U	1
PAAUUAP	P	A	A	U	U	A	P	1
PAAXAAU	P	A	A	X	A	A	U	1
PAAXPUA	P	A	A	X	P	U	A	1
PAPAPPA	P	A	P	A	P	P	A	1
PAPAXPP	P	A	P	A	X	P	P	1
PAPPPUU	P	A	P	P	P	U	U	1
PAPPUAP	P	A	P	P	U	A	P	1
PAPPXAP	P	A	P	P	X	A	P	1
PAPPXXP	P	A	P	P	X	X	P	1
PAPUAXP	P	A	P	U	A	X	P	1
PAPUPPA	P	A	P	U	P	P	A	1
PAPUPXP	P	A	P	U	P	X	P	1
PAPUUPP	P	A	P	U	U	P	P	1
PAPUUUU	P	A	P	U	U	U	U	1
PAPXPPP	P	A	P	X	P	P	P	1
PAPXPXP	P	A	P	X	P	X	P	1
PAUAAAU	P	A	U	A	A	A	U	1
PAUAAUU	P	A	U	A	A	U	U	1
PAUAPUP	P	A	U	A	P	U	P	1
PAUAPUU	P	A	U	A	P	U	U	1
PAUAUAU	P	A	U	A	U	A	U	1
PAUPPUA	P	A	U	P	P	U	A	1
PAUPUPU	P	A	U	P	U	P	U	1
PAUPUUP	P	A	U	P	U	U	P	1
PAUUAUA	P	A	U	U	A	U	A	1
PAUUAUP	P	A	U	U	A	U	P	1
PAUUPAA	P	A	U	U	P	A	A	1
PAUUPUA	P	A	U	U	P	U	A	1
PAUUPUX	P	A	U	U	P	U	X	1
PAUUUPU	P	A	U	U	U	P	U	1
PAUXPAU	P	A	U	X	P	A	U	1
PAXAPAX	P	A	X	A	P	A	X	1
PAXAPPX	P	A	X	A	P	P	X	1
PAXAPXP	P	A	X	A	P	X	P	1
PAXAXPP	P	A	X	A	X	P	P	1
PAXPAPA	P	A	X	P	A	P	A	1
PAXPPAA	P	A	X	P	P	A	A	1
PAXPPXP	P	A	X	P	P	X	P	1
PAXXAPP	P	A	X	X	A	P	P	1
PAXXPAA	P	A	X	X	P	A	A	1
PAXXPXX	P	A	X	X	P	X	X	1
PAXXXPX	P	A	X	X	X	P	X	1
PMAPAXA	P	M	A	P	A	X	A	1
PMAPXAP	P	M	A	P	X	A	P	1
PMAUPAA	P	M	A	U	P	A	A	1
PMAUPAU	P	M	A	U	P	A	U	1
PMAUUUA	P	M	A	U	U	U	A	1
PMMPPPP	P	M	M	P	P	P	P	1
PMMUPPP	P	M	M	U	P	P	P	1
PMPAAAP	P	M	P	A	A	A	P	1
PMPAAPP	P	M	P	A	A	P	P	1
PMPAAPU	P	M	P	A	A	P	U	1
PMPAPPU	P	M	P	A	P	P	U	1
PMPAUAP	P	M	P	A	U	A	P	1
PMPPAPP	P	M	P	P	A	P	P	1
PMPPXUP	P	M	P	P	X	U	P	1
PMPUPPA	P	M	P	U	P	P	A	1
PMPUPXP	P	M	P	U	P	X	P	1
PMPXPUP	P	M	P	X	P	U	P	1
PMPXXPX	P	M	P	X	X	P	X	1
PMUAAAU	P	M	U	A	A	A	U	1
PMUAPAU	P	M	U	A	P	A	U	1
PMUAPUP	P	M	U	A	P	U	P	1
PMUPPPP	P	M	U	P	P	P	P	1
PMUPUUP	P	M	U	P	U	U	P	1
PMUPXPU	P	M	U	P	X	P	U	1
PMUUPPU	P	M	U	U	P	P	U	1
PMXAPPM	P	M	X	A	P	P	M	1
PMXPAPP	P	M	X	P	A	P	P	1
PMXPPUX	P	M	X	P	P	U	X	1
PMXUPPX	P	M	X	U	P	P	X	1
PMXXPPP	P	M	X	X	P	P	P	1
PPAAAAX	P	P	A	A	A	A	X	1
PPAAAPP	P	P	A	A	A	P	P	1
PPAAAXA	P	P	A	A	A	X	A	1
PPAAMAP	P	P	A	A	M	A	P	1
PPAAPXP	P	P	A	A	P	X	P	1
PPAAUAX	P	P	A	A	U	A	X	1
PPAAUUU	P	P	A	A	U	U	U	1
PPAAXAX	P	P	A	A	X	A	X	1
PPAAXXU	P	P	A	A	X	X	U	1
PPAPAAU	P	P	A	P	A	A	U	1
PPAPPAX	P	P	A	P	P	A	X	1
PPAPPUU	P	P	A	P	P	U	U	1
PPAPPXP	P	P	A	P	P	X	P	1
PPAPXAX	P	P	A	P	X	A	X	1
PPAPXUA	P	P	A	P	X	U	A	1
PPAPXXA	P	P	A	P	X	X	A	1
PPAPXXP	P	P	A	P	X	X	P	1
PPAPXXU	P	P	A	P	X	X	U	1
PPAPXXX	P	P	A	P	X	X	X	1
PPAUAAU	P	P	A	U	A	A	U	1
PPAUAAX	P	P	A	U	A	A	X	1
PPAUAPA	P	P	A	U	A	P	A	1
PPAUPAX	P	P	A	U	P	A	X	1
PPAUPPP	P	P	A	U	P	P	P	1
PPAUPXP	P	P	A	U	P	X	P	1
PPAUUPA	P	P	A	U	U	P	A	1
PPAUUUP	P	P	A	U	U	U	P	1
PPAUUUU	P	P	A	U	U	U	U	1
PPAUXPA	P	P	A	U	X	P	A	1
PPAXAAP	P	P	A	X	A	A	P	1
PPAXAAX	P	P	A	X	A	A	X	1
PPAXPAU	P	P	A	X	P	A	U	1
PPAXPUP	P	P	A	X	P	U	P	1
PPAXUAP	P	P	A	X	U	A	P	1
PPAXXAA	P	P	A	X	X	A	A	1
PPMAPUA	P	P	M	A	P	U	A	1
PPMUAUA	P	P	M	U	A	U	A	1
PPMUPUA	P	P	M	U	P	U	A	1
PPMUUUU	P	P	M	U	U	U	U	1
PPMXPUP	P	P	M	X	P	U	P	1
PPPAAMP	P	P	P	A	A	M	P	1
PPPAAPU	P	P	P	A	A	P	U	1
PPPAPAX	P	P	P	A	P	A	X	1
PPPAUXP	P	P	P	A	U	X	P	1
PPPAXPU	P	P	P	A	X	P	U	1
PPPPAXP	P	P	P	P	A	X	P	1
PPPPPPM	P	P	P	P	P	P	M	1
PPPPPUA	P	P	P	P	P	U	A	1
PPPPPXA	P	P	P	P	P	X	A	1
PPPPPXX	P	P	P	P	P	X	X	1
PPPPUUX	P	P	P	P	U	U	X	1
PPPUAPX	P	P	P	U	A	P	X	1
PPPUMUP	P	P	P	U	M	U	P	1
PPPUPMP	P	P	P	U	P	M	P	1
PPPUPUX	P	P	P	U	P	U	X	1
PPPUXPX	P	P	P	U	X	P	X	1
PPPUXXP	P	P	P	U	X	X	P	1
PPPXAAP	P	P	P	X	A	A	P	1
PPPXAPP	P	P	P	X	A	P	P	1
PPPXAUP	P	P	P	X	A	U	P	1
PPPXMPP	P	P	P	X	M	P	P	1
PPPXPXX	P	P	P	X	P	X	X	1
PPPXUPP	P	P	P	X	U	P	P	1
PPPXXXA	P	P	P	X	X	X	A	1
PPUAAAP	P	P	U	A	A	A	P	1
PPUAAAX	P	P	U	A	A	A	X	1
PPUAAPU	P	P	U	A	A	P	U	1
PPUAPAX	P	P	U	A	P	A	X	1
PPUAPPA	P	P	U	A	P	P	A	1
PPUAPXA	P	P	U	A	P	X	A	1
PPUAXPU	P	P	U	A	X	P	U	1
PPUPPXA	P	P	U	P	P	X	A	1
PPUPUUX	P	P	U	P	U	U	X	1
PPUUAPP	P	P	U	U	A	P	P	1
PPUUPAX	P	P	U	U	P	A	X	1
PPUUPPA	P	P	U	U	P	P	A	1
PPUUUUX	P	P	U	U	U	U	X	1
PPUXAUP	P	P	U	X	A	U	P	1
PPUXPAA	P	P	U	X	P	A	A	1
PPUXPAP	P	P	U	X	P	A	P	1
PPUXPXU	P	P	U	X	P	X	U	1
PPUXUUX	P	P	U	X	U	U	X	1
PPUXXXU	P	P	U	X	X	X	U	1
PPXAAAA	P	P	X	A	A	A	A	1
PPXAAUX	P	P	X	A	A	U	X	1
PPXAPUX	P	P	X	A	P	U	X	1
PPXAPXA	P	P	X	A	P	X	A	1
PPXAPXX	P	P	X	A	P	X	X	1
PPXAUAA	P	P	X	A	U	A	A	1
PPXAUXP	P	P	X	A	U	X	P	1
PPXAXUX	P	P	X	A	X	U	X	1
PPXAXXP	P	P	X	A	X	X	P	1
PPXPAPX	P	P	X	P	A	P	X	1
PPXPPAU	P	P	X	P	P	A	U	1
PPXPUUP	P	P	X	P	U	U	P	1
PPXPXPA	P	P	X	P	X	P	A	1
PPXPXUX	P	P	X	P	X	U	X	1
PPXUAPA	P	P	X	U	A	P	A	1
PPXUPAA	P	P	X	U	P	A	A	1
PPXUPAU	P	P	X	U	P	A	U	1
PPXUPMP	P	P	X	U	P	M	P	1
PPXUPPU	P	P	X	U	P	P	U	1
PPXUPXX	P	P	X	U	P	X	X	1
PPXUUPX	P	P	X	U	U	P	X	1
PPXUUXP	P	P	X	U	U	X	P	1
PPXUXUX	P	P	X	U	X	U	X	1
PPXUXXX	P	P	X	U	X	X	X	1
PPXXAAA	P	P	X	X	A	A	A	1
PPXXAXP	P	P	X	X	A	X	P	1
PPXXMPP	P	P	X	X	M	P	P	1
PPXXPPA	P	P	X	X	P	P	A	1
PPXXPXA	P	P	X	X	P	X	A	1
PPXXUUX	P	P	X	X	U	U	X	1
PPXXXAP	P	P	X	X	X	A	P	1
PPXXXAX	P	P	X	X	X	A	X	1
PPXXXPA	P	P	X	X	X	P	A	1
PPXXXPU	P	P	X	X	X	P	U	1
PUAAAAP	P	U	A	A	A	A	P	1
PUAAAAU	P	U	A	A	A	A	U	1
PUAAPAX	P	U	A	A	P	A	X	1
PUAAUPA	P	U	A	A	U	P	A	1
PUAAXAP	P	U	A	A	X	A	P	1
PUAMPAP	P	U	A	M	P	A	P	1
PUAPPAU	P	U	A	P	P	A	U	1
PUAPPUU	P	U	A	P	P	U	U	1
PUAPUAP	P	U	A	P	U	A	P	1
PUAPUAU	P	U	A	P	U	A	U	1
PUAPUPU	P	U	A	P	U	P	U	1
PUAPUUU	P	U	A	P	U	U	U	1
PUAPXUP	P	U	A	P	X	U	P	1
PUAUPPA	P	U	A	U	P	P	A	1
PUAUPUP	P	U	A	U	P	U	P	1
PUAUUAP	P	U	A	U	U	A	P	1
PUAUUUU	P	U	A	U	U	U	U	1
PUAXPAP	P	U	A	X	P	A	P	1
PUAXXAP	P	U	A	X	X	A	P	1
PUPAAPP	P	U	P	A	A	P	P	1
PUPAPAU	P	U	P	A	P	A	U	1
PUPAPPU	P	U	P	A	P	P	U	1
PUPAPPX	P	U	P	A	P	P	X	1
PUPAUPP	P	U	P	A	U	P	P	1
PUPPAPU	P	U	P	P	A	P	U	1
PUPPAUP	P	U	P	P	A	U	P	1
PUPPPPX	P	U	P	P	P	P	X	1
PUPPUAP	P	U	P	P	U	A	P	1
PUPPUPX	P	U	P	P	U	P	X	1
PUPPXAP	P	U	P	P	X	A	P	1
PUPPXPA	P	U	P	P	X	P	A	1
PUPPXPU	P	U	P	P	X	P	U	1
PUPPXPX	P	U	P	P	X	P	X	1
PUPPXXP	P	U	P	P	X	X	P	1
PUPPXXU	P	U	P	P	X	X	U	1
PUPUPMP	P	U	P	U	P	M	P	1
PUPUXPA	P	U	P	U	X	P	A	1
PUPUXUP	P	U	P	U	X	U	P	1
PUPXPPA	P	U	P	X	P	P	A	1
PUPXPPX	P	U	P	X	P	P	X	1
PUPXUPU	P	U	P	X	U	P	U	1
PUPXUUP	P	U	P	X	U	U	P	1
PUPXXPX	P	U	P	X	X	P	X	1
PUUAAAU	P	U	U	A	A	A	U	1
PUUAAPU	P	U	U	A	A	P	U	1
PUUAPAA	P	U	U	A	P	A	A	1
PUUAUPU	P	U	U	A	U	P	U	1
PUUPPAP	P	U	U	P	P	A	P	1
PUUPPAU	P	U	U	P	P	A	U	1
PUUPPUX	P	U	U	P	P	U	X	1
PUUPXAU	P	U	U	P	X	A	U	1
PUUUPAP	P	U	U	U	P	A	P	1
PUUUUUA	P	U	U	U	U	U	A	1
PUUUXUX	P	U	U	U	X	U	X	1
PUUXPAU	P	U	U	X	P	A	U	1
PUUXUUP	P	U	U	X	U	U	P	1
PUUXUUU	P	U	U	X	U	U	U	1
PUUXXUU	P	U	U	X	X	U	U	1
PUXAAPP	P	U	X	A	A	P	P	1
PUXAPAX	P	U	X	A	P	A	X	1
PUXAPXP	P	U	X	A	P	X	P	1
PUXAPXU	P	U	X	A	P	X	U	1
PUXPPUX	P	U	X	P	P	U	X	1
PUXPUPU	P	U	X	P	U	P	U	1
PUXPXPU	P	U	X	P	X	P	U	1
PUXPXXP	P	U	X	P	X	X	P	1
PUXPXXX	P	U	X	P	X	X	X	1
PUXUMPP	P	U	X	U	M	P	P	1
PUXUPAX	P	U	X	U	P	A	X	1
PUXUPPA	P	U	X	U	P	P	A	1
PUXUPPX	P	U	X	U	P	P	X	1
PUXUPUX	P	U	X	U	P	U	X	1
PUXUPXP	P	U	X	U	P	X	P	1
PUXUUPX	P	U	X	U	U	P	X	1
PUXUUUU	P	U	X	U	U	U	U	1
PUXUXXP	P	U	X	U	X	X	P	1
PUXXAXX	P	U	X	X	A	X	X	1
PUXXPXP	P	U	X	X	P	X	P	1
PUXXPXU	P	U	X	X	P	X	U	1
PXAAAAU	P	X	A	A	A	A	U	1
PXAAPXA	P	X	A	A	P	X	A	1
PXAAUPA	P	X	A	A	U	P	A	1
PXAAXAP	P	X	A	A	X	A	P	1
PXAPAUA	P	X	A	P	A	U	A	1
PXAPAXA	P	X	A	P	A	X	A	1
PXAPPPP	P	X	A	P	P	P	P	1
PXAPPXX	P	X	A	P	P	X	X	1
PXAPUAP	P	X	A	P	U	A	P	1
PXAPUPU	P	X	A	P	U	P	U	1
PXAPUUA	P	X	A	P	U	U	A	1
PXAPXAA	P	X	A	P	X	A	A	1
PXAPXAU	P	X	A	P	X	A	U	1
PXAPXPA	P	X	A	P	X	P	A	1
PXAPXPU	P	X	A	P	X	P	U	1
PXAUAUP	P	X	A	U	A	U	P	1
PXAUUAU	P	X	A	U	U	A	U	1
PXAUUUP	P	X	A	U	U	U	P	1
PXAUUUU	P	X	A	U	U	U	U	1
PXAUXAU	P	X	A	U	X	A	U	1
PXAXPAA	P	X	A	X	P	A	A	1
PXAXPXU	P	X	A	X	P	X	U	1
PXAXXAP	P	X	A	X	X	A	P	1
PXAXXUA	P	X	A	X	X	U	A	1
PXPAAXP	P	X	P	A	A	X	P	1
PXPAPUU	P	X	P	A	P	U	U	1
PXPAPXP	P	X	P	A	P	X	P	1
PXPAUAP	P	X	P	A	U	A	P	1
PXPAUPU	P	X	P	A	U	P	U	1
PXPAXPP	P	X	P	A	X	P	P	1
PXPPAPA	P	X	P	P	A	P	A	1
PXPPUAP	P	X	P	P	U	A	P	1
PXPPUPA	P	X	P	P	U	P	A	1
PXPPXPA	P	X	P	P	X	P	A	1
PXPPXXP	P	X	P	P	X	X	P	1
PXPPXXU	P	X	P	P	X	X	U	1
PXPUPUU	P	X	P	U	P	U	U	1
PXPUPUX	P	X	P	U	P	U	X	1
PXPUUXP	P	X	P	U	U	X	P	1
PXPXAUP	P	X	P	X	A	U	P	1
PXPXPPA	P	X	P	X	P	P	A	1
PXPXUAP	P	X	P	X	U	A	P	1
PXPXXPU	P	X	P	X	X	P	U	1
PXUAPPA	P	X	U	A	P	P	A	1
PXUAPPU	P	X	U	A	P	P	U	1
PXUAPUX	P	X	U	A	P	U	X	1
PXUAUAU	P	X	U	A	U	A	U	1
PXUAUUA	P	X	U	A	U	U	A	1
PXUAUUP	P	X	U	A	U	U	P	1
PXUPPAP	P	X	U	P	P	A	P	1
PXUPUPP	P	X	U	P	U	P	P	1
PXUPUPU	P	X	U	P	U	P	U	1
PXUUAAA	P	X	U	U	A	A	A	1
PXUUAUA	P	X	U	U	A	U	A	1
PXUUUPU	P	X	U	U	U	P	U	1
PXUUUUA	P	X	U	U	U	U	A	1
PXUUXUP	P	X	U	U	X	U	P	1
PXUUXUU	P	X	U	U	X	U	U	1
PXUXPUX	P	X	U	X	P	U	X	1
PXUXXUP	P	X	U	X	X	U	P	1
PXXAAPA	P	X	X	A	A	P	A	1
PXXAXPX	P	X	X	A	X	P	X	1
PXXPAPA	P	X	X	P	A	P	A	1
PXXPPPU	P	X	X	P	P	P	U	1
PXXPUPA	P	X	X	P	U	P	A	1
PXXPXAA	P	X	X	P	X	A	A	1
PXXPXAX	P	X	X	P	X	A	X	1
PXXPXXA	P	X	X	P	X	X	A	1
PXXUPPX	P	X	X	U	P	P	X	1
PXXUPXP	P	X	X	U	P	X	P	1
PXXUPXU	P	X	X	U	P	X	U	1
PXXUPXX	P	X	X	U	P	X	X	1
PXXUUXP	P	X	X	U	U	X	P	1
PXXUXAA	P	X	X	U	X	A	A	1
PXXUXPP	P	X	X	U	X	P	P	1
PXXUXPX	P	X	X	U	X	P	X	1
PXXUXUX	P	X	X	U	X	U	X	1
PXXXPAX	P	X	X	X	P	A	X	1
PXXXPUP	P	X	X	X	P	U	P	1
PXXXXPX	P	X	X	X	X	P	X	1
UAAAUAP	U	A	A	A	U	A	P	1
UAAPAUU	U	A	A	P	A	U	U	1
UAAPUAP	U	A	A	P	U	A	P	1
UAAPXAA	U	A	A	P	X	A	A	1
UAAUAAP	U	A	A	U	A	A	P	1
UAAUUAP	U	A	A	U	U	A	P	1
UAAXXAA	U	A	A	X	X	A	A	1
UAAXXUA	U	A	A	X	X	U	A	1
UAMPUPU	U	A	M	P	U	P	U	1
UAPAAPP	U	A	P	A	A	P	P	1
UAPAUUP	U	A	P	A	U	U	P	1
UAPPAPX	U	A	P	P	A	P	X	1
UAPPAUP	U	A	P	P	A	U	P	1
UAPPPAP	U	A	P	P	P	A	P	1
UAPPUAP	U	A	P	P	U	A	P	1
UAPPXPA	U	A	P	P	X	P	A	1
UAPPXPX	U	A	P	P	X	P	X	1
UAPUPPA	U	A	P	U	P	P	A	1
UAPUPUU	U	A	P	U	P	U	U	1
UAPXAAP	U	A	P	X	A	A	P	1
UAPXAPX	U	A	P	X	A	P	X	1
UAPXPAP	U	A	P	X	P	A	P	1
UAPXUAP	U	A	P	X	U	A	P	1
UAPXUPA	U	A	P	X	U	P	A	1
UAUAPAA	U	A	U	A	P	A	A	1
UAUAPUA	U	A	U	A	P	U	A	1
UAUAPUU	U	A	U	A	P	U	U	1
UAUAUUP	U	A	U	A	U	U	P	1
UAUPAPU	U	A	U	P	A	P	U	1
UAUPPAA	U	A	U	P	P	A	A	1
UAUPPUP	U	A	U	P	P	U	P	1
UAUPUPP	U	A	U	P	U	P	P	1
UAUUAUP	U	A	U	U	A	U	P	1
UAUUPAU	U	A	U	U	P	A	U	1
UAUUPUA	U	A	U	U	P	U	A	1
UAUUUPA	U	A	U	U	U	P	A	1
UAXAAAX	U	A	X	A	A	A	X	1
UAXPPPP	U	A	X	P	P	P	P	1
UAXPPPX	U	A	X	P	P	P	X	1
UAXUAPU	U	A	X	U	A	P	U	1
UAXUUPP	U	A	X	U	U	P	P	1
UAXXUPX	U	A	X	X	U	P	X	1
UMAAPAA	U	M	A	A	P	A	A	1
UMAAPUU	U	M	A	A	P	U	U	1
UMAPAUA	U	M	A	P	A	U	A	1
UMAPUAP	U	M	A	P	U	A	P	1
UMAPUUA	U	M	A	P	U	U	A	1
UMAUPAP	U	M	A	U	P	A	P	1
UMAUUPA	U	M	A	U	U	P	A	1
UMPAAPA	U	M	P	A	A	P	A	1
UMPAAPU	U	M	P	A	A	P	U	1
UMPAPPP	U	M	P	A	P	P	P	1
UMPAPPU	U	M	P	A	P	P	U	1
UMPAUUP	U	M	P	A	U	U	P	1
UMPPAUP	U	M	P	P	A	U	P	1
UMPPXUP	U	M	P	P	X	U	P	1
UMPUAUP	U	M	P	U	A	U	P	1
UMPUPPU	U	M	P	U	P	P	U	1
UMUAPUU	U	M	U	A	P	U	U	1
UMUMUUU	U	M	U	M	U	U	U	1
UMUPPPU	U	M	U	P	P	P	U	1
UMUPPUP	U	M	U	P	P	U	P	1
UMUPUUP	U	M	U	P	U	U	P	1
UMUPXPU	U	M	U	P	X	P	U	1
UMUUAPU	U	M	U	U	A	P	U	1
UMXXAPP	U	M	X	X	A	P	P	1
UMXXUPP	U	M	X	X	U	P	P	1
UPAAAAU	U	P	A	A	A	A	U	1
UPAAAUA	U	P	A	A	A	U	A	1
UPAAAUU	U	P	A	A	A	U	U	1
UPAAPPU	U	P	A	A	P	P	U	1
UPAAPXU	U	P	A	A	P	X	U	1
UPAAUPA	U	P	A	A	U	P	A	1
UPAAUPU	U	P	A	A	U	P	U	1
UPAAUUU	U	P	A	A	U	U	U	1
UPAPPPA	U	P	A	P	P	P	A	1
UPAPPUP	U	P	A	P	P	U	P	1
UPAPPUU	U	P	A	P	P	U	U	1
UPAPPXA	U	P	A	P	P	X	A	1
UPAPXAU	U	P	A	P	X	A	U	1
UPAPXUA	U	P	A	P	X	U	A	1
UPAUAAU	U	P	A	U	A	A	U	1
UPAUPAP	U	P	A	U	P	A	P	1
UPAUPPA	U	P	A	U	P	P	A	1
UPAUPUU	U	P	A	U	P	U	U	1
UPMPUUU	U	P	M	P	U	U	U	1
UPPAAPP	U	P	P	A	A	P	P	1
UPPAUPA	U	P	P	A	U	P	A	1
UPPPMUP	U	P	P	P	M	U	P	1
UPPPPXP	U	P	P	P	P	X	P	1
UPPPXPU	U	P	P	P	X	P	U	1
UPPUAUU	U	P	P	U	A	U	U	1
UPPUUAU	U	P	P	U	U	A	U	1
UPPUUXP	U	P	P	U	U	X	P	1
UPPUUXU	U	P	P	U	U	X	U	1
UPPUXUU	U	P	P	U	X	U	U	1
UPPXPXP	U	P	P	X	P	X	P	1
UPPXUPU	U	P	P	X	U	P	U	1
UPPXXAP	U	P	P	X	X	A	P	1
UPUAAUP	U	P	U	A	A	U	P	1
UPUAPPP	U	P	U	A	P	P	P	1
UPUAUAA	U	P	U	A	U	A	A	1
UPUAUAP	U	P	U	A	U	A	P	1
UPUPAAU	U	P	U	P	A	A	U	1
UPUPAPU	U	P	U	P	A	P	U	1
UPUPPXU	U	P	U	P	P	X	U	1
UPUPUUA	U	P	U	P	U	U	A	1
UPUPXUP	U	P	U	P	X	U	P	1
UPUUPPA	U	P	U	U	P	P	A	1
UPUUUXP	U	P	U	U	U	X	P	1
UPUUXUP	U	P	U	U	X	U	P	1
UPUUXUU	U	P	U	U	X	U	U	1
UPUXPUP	U	P	U	X	P	U	P	1
UPXPPUX	U	P	X	P	P	U	X	1
UPXPPXX	U	P	X	P	P	X	X	1
UPXPUPU	U	P	X	P	U	P	U	1
UPXPXXP	U	P	X	P	X	X	P	1
UPXXPXX	U	P	X	X	P	X	X	1
UUAAAPU	U	U	A	A	A	P	U	1
UUAAPUA	U	U	A	A	P	U	A	1
UUAPAPU	U	U	A	P	A	P	U	1
UUAPPUU	U	U	A	P	P	U	U	1
UUAPPXU	U	U	A	P	P	X	U	1
UUAPUPU	U	U	A	P	U	P	U	1
UUAUAAP	U	U	A	U	A	A	P	1
UUAUAUP	U	U	A	U	A	U	P	1
UUAXUAA	U	U	A	X	U	A	A	1
UUAXUUA	U	U	A	X	U	U	A	1
UUMPUPU	U	U	M	P	U	P	U	1
UUPAAUU	U	U	P	A	A	U	U	1
UUPAPAU	U	U	P	A	P	A	U	1
UUPAPXP	U	U	P	A	P	X	P	1
UUPAPXU	U	U	P	A	P	X	U	1
UUPAXAP	U	U	P	A	X	A	P	1
UUPAXPA	U	U	P	A	X	P	A	1
UUPAXPP	U	U	P	A	X	P	P	1
UUPMUPU	U	U	P	M	U	P	U	1
UUPPAAP	U	U	P	P	A	A	P	1
UUPPAPX	U	U	P	P	A	P	X	1
UUPPAUP	U	U	P	P	A	U	P	1
UUPPMPU	U	U	P	P	M	P	U	1
UUPPXPX	U	U	P	P	X	P	X	1
UUPPXXU	U	U	P	P	X	X	U	1
UUPUAPP	U	U	P	U	A	P	P	1
UUPUMUP	U	U	P	U	M	U	P	1
UUPUPAU	U	U	P	U	P	A	U	1
UUPUUMP	U	U	P	U	U	M	P	1
UUPUUPM	U	U	P	U	U	P	M	1
UUPUUUA	U	U	P	U	U	U	A	1
UUPUUUX	U	U	P	U	U	U	X	1
UUPUXPP	U	U	P	U	X	P	P	1
UUPXAAP	U	U	P	X	A	A	P	1
UUPXXAP	U	U	P	X	X	A	P	1
UUPXXPU	U	U	P	X	X	P	U	1
UUPXXUP	U	U	P	X	X	U	P	1
UUUAPAP	U	U	U	A	P	A	P	1
UUUAPPU	U	U	U	A	P	P	U	1
UUUAXAU	U	U	U	A	X	A	U	1
UUUMUUU	U	U	U	M	U	U	U	1
UUUPMPU	U	U	U	P	M	P	U	1
UUUPPAA	U	U	U	P	P	A	A	1
UUUPUPA	U	U	U	P	U	P	A	1
UUUUMUU	U	U	U	U	M	U	U	1
UUUUPAA	U	U	U	U	P	A	A	1
UUUUUUM	U	U	U	U	U	U	M	1
UUUUXPU	U	U	U	U	X	P	U	1
UUUXUAU	U	U	U	X	U	A	U	1
UUUXUPA	U	U	U	X	U	P	A	1
UUXPAPP	U	U	X	P	A	P	P	1
UUXPAXP	U	U	X	P	A	X	P	1
UUXPPPU	U	U	X	P	P	P	U	1
UUXPPXP	U	U	X	P	P	X	P	1
UUXPUAP	U	U	X	P	U	A	P	1
UUXPUUP	U	U	X	P	U	U	P	1
UUXPUUU	U	U	X	P	U	U	U	1
UUXPUUX	U	U	X	P	U	U	X	1
UUXPUXA	U	U	X	P	U	X	A	1
UUXPUXX	U	U	X	P	U	X	X	1
UUXUPUX	U	U	X	U	P	U	X	1
UUXUUAX	U	U	X	U	U	A	X	1
UUXUUPU	U	U	X	U	U	P	U	1
UUXUUPX	U	U	X	U	U	P	X	1
UUXUUUX	U	U	X	U	U	U	X	1
UUXUUXP	U	U	X	U	U	X	P	1
UUXUUXU	U	U	X	U	U	X	U	1
UUXUXPP	U	U	X	U	X	P	P	1
UUXUXXX	U	U	X	U	X	X	X	1
UUXXPAP	U	U	X	X	P	A	P	1
UUXXPXP	U	U	X	X	P	X	P	1
UUXXXXU	U	U	X	X	X	X	U	1
UXAAAAA	U	X	A	A	A	A	A	1
UXAAPUA	U	X	A	A	P	U	A	1
UXAAUAA	U	X	A	A	U	A	A	1
UXAAUPA	U	X	A	A	U	P	A	1
UXAPPAA	U	X	A	P	P	A	A	1
UXAPPAU	U	X	A	P	P	A	U	1
UXAPPPA	U	X	A	P	P	P	A	1
UXAPUAA	U	X	A	P	U	A	A	1
UXAPUUU	U	X	A	P	U	U	U	1
UXAUAAA	U	X	A	U	A	A	A	1
UXAUAPA	U	X	A	U	A	P	A	1
UXAUAUU	U	X	A	U	A	U	U	1
UXAUPPA	U	X	A	U	P	P	A	1
UXAUPUU	U	X	A	U	P	U	U	1
UXPAAAP	U	X	P	A	A	A	P	1
UXPAAPX	U	X	P	A	A	P	X	1
UXPAUPA	U	X	P	A	U	P	A	1
UXPAUUU	U	X	P	A	U	U	U	1
UXPPAAP	U	X	P	P	A	A	P	1
UXPPAPA	U	X	P	P	A	P	A	1
UXPPPUU	U	X	P	P	P	U	U	1
UXPPUAP	U	X	P	P	U	A	P	1
UXPPUPX	U	X	P	P	U	P	X	1
UXPPUUA	U	X	P	P	U	U	A	1
UXPPXPA	U	X	P	P	X	P	A	1
UXPPXPX	U	X	P	P	X	P	X	1
UXPUAAP	U	X	P	U	A	A	P	1
UXPUAPP	U	X	P	U	A	P	P	1
UXPUPAP	U	X	P	U	P	A	P	1
UXPUUUA	U	X	P	U	U	U	A	1
UXPUUUU	U	X	P	U	U	U	U	1
UXPUXPX	U	X	P	U	X	P	X	1
UXPXPPP	U	X	P	X	P	P	P	1
UXPXPUP	U	X	P	X	P	U	P	1
UXPXUAP	U	X	P	X	U	A	P	1
UXPXXAP	U	X	P	X	X	A	P	1
UXUAAUU	U	X	U	A	A	U	U	1
UXUAPPU	U	X	U	A	P	P	U	1
UXUAPUA	U	X	U	A	P	U	A	1
UXUAUAU	U	X	U	A	U	A	U	1
UXUAUUA	U	X	U	A	U	U	A	1
UXUAUUP	U	X	U	A	U	U	P	1
UXUPPUP	U	X	U	P	P	U	P	1
UXUPUPP	U	X	U	P	U	P	P	1
UXUPUUA	U	X	U	P	U	U	A	1
UXUPUXU	U	X	U	P	U	X	U	1
UXUPXPU	U	X	U	P	X	P	U	1
UXUUAUP	U	X	U	U	A	U	P	1
UXUUPAU	U	X	U	U	P	A	U	1
UXUUPPP	U	X	U	U	P	P	P	1
UXUUUUA	U	X	U	U	U	U	A	1
UXUXUUU	U	X	U	X	U	U	U	1
UXXPPXP	U	X	X	P	P	X	P	1
UXXPPXX	U	X	X	P	P	X	X	1
UXXPUPP	U	X	X	P	U	P	P	1
UXXPXPX	U	X	X	P	X	P	X	1
UXXPXUA	U	X	X	P	X	U	A	1
UXXPXXU	U	X	X	P	X	X	U	1
UXXXAPU	U	X	X	X	A	P	U	1
UXXXPPX	U	X	X	X	P	P	X	1
UXXXUXX	U	X	X	X	U	X	X	1
UXXXXPX	U	X	X	X	X	P	X	1
UXXXXUX	U	X	X	X	X	U	X	1
UXXXXXX	U	X	X	X	X	X	X	1
XAAAAAA	X	A	A	A	A	A	A	1
XAAAAAP	X	A	A	A	A	A	P	1
XAAAPPA	X	A	A	A	P	P	A	1
XAAAXPA	X	A	A	A	X	P	A	1
XAAPAPX	X	A	A	P	A	P	X	1
XAAPPAP	X	A	A	P	P	A	P	1
XAAPUPA	X	A	A	P	U	P	A	1
XAAPXAA	X	A	A	P	X	A	A	1
XAAPXUA	X	A	A	P	X	U	A	1
XAAUAUA	X	A	A	U	A	U	A	1
XAAUPPA	X	A	A	U	P	P	A	1
XAAUPUA	X	A	A	U	P	U	A	1
XAAUUAA	X	A	A	U	U	A	A	1
XAAUXPA	X	A	A	U	X	P	A	1
XAAUXPX	X	A	A	U	X	P	X	1
XAAXAAU	X	A	A	X	A	A	U	1
XAAXAPA	X	A	A	X	A	P	A	1
XAAXAUA	X	A	A	X	A	U	A	1
XAAXAXA	X	A	A	X	A	X	A	1
XAAXPAA	X	A	A	X	P	A	A	1
XAAXPUA	X	A	A	X	P	U	A	1
XAAXXAX	X	A	A	X	X	A	X	1
XAPAPPP	X	A	P	A	P	P	P	1
XAPAPUP	X	A	P	A	P	U	P	1
XAPAPXP	X	A	P	A	P	X	P	1
XAPAUAP	X	A	P	A	U	A	P	1
XAPAXAP	X	A	P	A	X	A	P	1
XAPAXPP	X	A	P	A	X	P	P	1
XAPAXUP	X	A	P	A	X	U	P	1
XAPPAUP	X	A	P	P	A	U	P	1
XAPPAXP	X	A	P	P	A	X	P	1
XAPPPAP	X	A	P	P	P	A	P	1
XAPPPPX	X	A	P	P	P	P	X	1
XAPPPUP	X	A	P	P	P	U	P	1
XAPUAPP	X	A	P	U	A	P	P	1
XAPUPPA	X	A	P	U	P	P	A	1
XAPUXAP	X	A	P	U	X	A	P	1
XAPXAAP	X	A	P	X	A	A	P	1
XAPXPPP	X	A	P	X	P	P	P	1
XAPXPXP	X	A	P	X	P	X	P	1
XAPXXPA	X	A	P	X	X	P	A	1
XAUAAUA	X	A	U	A	A	U	A	1
XAUAXUA	X	A	U	A	X	U	A	1
XAUPAPA	X	A	U	P	A	P	A	1
XAUPAUP	X	A	U	P	A	U	P	1
XAUPPPU	X	A	U	P	P	P	U	1
XAUPXPU	X	A	U	P	X	P	U	1
XAUPXUP	X	A	U	P	X	U	P	1
XAUPXUX	X	A	U	P	X	U	X	1
XAUXAUA	X	A	U	X	A	U	A	1
XAUXPUU	X	A	U	X	P	U	U	1
XAXAXPP	X	A	X	A	X	P	P	1
XAXPAPX	X	A	X	P	A	P	X	1
XAXPXAA	X	A	X	P	X	A	A	1
XAXPXAP	X	A	X	P	X	A	P	1
XAXPXAX	X	A	X	P	X	A	X	1
XAXXAXX	X	A	X	X	A	X	X	1
XMAAPAA	X	M	A	A	P	A	A	1
XMAAPAU	X	M	A	A	P	A	U	1
XMAUPAP	X	M	A	U	P	A	P	1
XMPPPPA	X	M	P	P	P	P	A	1
XMPPPXP	X	M	P	P	P	X	P	1
XMPUPAP	X	M	P	U	P	A	P	1
XMPUPPP	X	M	P	U	P	P	P	1
XMPXPXP	X	M	P	X	P	X	P	1
XMPXXPX	X	M	P	X	X	P	X	1
XMUPPUP	X	M	U	P	P	U	P	1
XMUUPPU	X	M	U	U	P	P	U	1
XMXAPXP	X	M	X	A	P	X	P	1
XMXPPPX	X	M	X	P	P	P	X	1
XMXPXPP	X	M	X	P	X	P	P	1
XMXUPPP	X	M	X	U	P	P	P	1
XMXXPPP	X	M	X	X	P	P	P	1
XMXXXPX	X	M	X	X	X	P	X	1
XPAAAAU	X	P	A	A	A	A	U	1
XPAAPPP	X	P	A	A	P	P	P	1
XPAAPUP	X	P	A	A	P	U	P	1
XPAAUAU	X	P	A	A	U	A	U	1
XPAAXUA	X	P	A	A	X	U	A	1
XPAPAAA	X	P	A	P	A	A	A	1
XPAPAPA	X	P	A	P	A	P	A	1
XPAPPUP	X	P	A	P	P	U	P	1
XPAPPXA	X	P	A	P	P	X	A	1
XPAPUAP	X	P	A	P	U	A	P	1
XPAPXAU	X	P	A	P	X	A	U	1
XPAPXUP	X	P	A	P	X	U	P	1
XPAPXXA	X	P	A	P	X	X	A	1
XPAUAAA	X	P	A	U	A	A	A	1
XPAUAAP	X	P	A	U	A	A	P	1
XPAUPPP	X	P	A	U	P	P	P	1
XPAUPUP	X	P	A	U	P	U	P	1
XPAUPXA	X	P	A	U	P	X	A	1
XPAUUAP	X	P	A	U	U	A	P	1
XPAUUAU	X	P	A	U	U	A	U	1
XPAUUUA	X	P	A	U	U	U	A	1
XPAUXAA	X	P	A	U	X	A	A	1
XPAUXPA	X	P	A	U	X	P	A	1
XPAXPPA	X	P	A	X	P	P	A	1
XPAXPUX	X	P	A	X	P	U	X	1
XPAXPXA	X	P	A	X	P	X	A	1
XPAXXAA	X	P	A	X	X	A	A	1
XPAXXAX	X	P	A	X	X	A	X	1
XPAXXPA	X	P	A	X	X	P	A	1
XPPAAPA	X	P	P	A	A	P	A	1
XPPAAPU	X	P	P	A	A	P	U	1
XPPAUPU	X	P	P	A	U	P	U	1
XPPAXPA	X	P	P	A	X	P	A	1
XPPAXPU	X	P	P	A	X	P	U	1
XPPAXUP	X	P	P	A	X	U	P	1
XPPAXXP	X	P	P	A	X	X	P	1
XPPPAAP	X	P	P	P	A	A	P	1
XPPPPUX	X	P	P	P	P	U	X	1
XPPUAAP	X	P	P	U	A	A	P	1
XPPUAPP	X	P	P	U	A	P	P	1
XPPUAXP	X	P	P	U	A	X	P	1
XPPUPPX	X	P	P	U	P	P	X	1
XPPUUAP	X	P	P	U	U	A	P	1
XPPUXPA	X	P	P	U	X	P	A	1
XPPUXPU	X	P	P	U	X	P	U	1
XPPUXPX	X	P	P	U	X	P	X	1
XPPXUUP	X	P	P	X	U	U	P	1
XPPXUXP	X	P	P	X	U	X	P	1
XPPXXPU	X	P	P	X	X	P	U	1
XPUAAAA	X	P	U	A	A	A	A	1
XPUAAUA	X	P	U	A	A	U	A	1
XPUAAUX	X	P	U	A	A	U	X	1
XPUAPAA	X	P	U	A	P	A	A	1
XPUPPAP	X	P	U	P	P	A	P	1
XPUPPUA	X	P	U	P	P	U	A	1
XPUPXAU	X	P	U	P	X	A	U	1
XPUPXXU	X	P	U	P	X	X	U	1
XPUUXPU	X	P	U	U	X	P	U	1
XPUXPPU	X	P	U	X	P	P	U	1
XPUXUXX	X	P	U	X	U	X	X	1
XPUXXPA	X	P	U	X	X	P	A	1
XPUXXPP	X	P	U	X	X	P	P	1
XPXAAAA	X	P	X	A	A	A	A	1
XPXAPPA	X	P	X	A	P	P	A	1
XPXAPXU	X	P	X	A	P	X	U	1
XPXAPXX	X	P	X	A	P	X	X	1
XPXAUPA	X	P	X	A	U	P	A	1
XPXAXPA	X	P	X	A	X	P	A	1
XPXAXPP	X	P	X	A	X	P	P	1
XPXAXPX	X	P	X	A	X	P	X	1
XPXPAAX	X	P	X	P	A	A	X	1
XPXPAXP	X	P	X	P	A	X	P	1
XPXPPAX	X	P	X	P	P	A	X	1
XPXPPXA	X	P	X	P	P	X	A	1
XPXPUUX	X	P	X	P	U	U	X	1
XPXPXUX	X	P	X	P	X	U	X	1
XPXPXXA	X	P	X	P	X	X	A	1
XPXPXXU	X	P	X	P	X	X	U	1
XPXUPAX	X	P	X	U	P	A	X	1
XPXUPUP	X	P	X	U	P	U	P	1
XPXUPXX	X	P	X	U	P	X	X	1
XPXUUXP	X	P	X	U	U	X	P	1
XPXUXAX	X	P	X	U	X	A	X	1
XPXUXPX	X	P	X	U	X	P	X	1
XPXUXXX	X	P	X	U	X	X	X	1
XPXXAPP	X	P	X	X	A	P	P	1
XPXXPAA	X	P	X	X	P	A	A	1
XPXXPAP	X	P	X	X	P	A	P	1
XPXXPPU	X	P	X	X	P	P	U	1
XPXXPUX	X	P	X	X	P	U	X	1
XPXXPXA	X	P	X	X	P	X	A	1
XPXXPXU	X	P	X	X	P	X	U	1
XPXXUPP	X	P	X	X	U	P	P	1
XPXXUPX	X	P	X	X	U	P	X	1
XPXXXAP	X	P	X	X	X	A	P	1
XPXXXXA	X	P	X	X	X	X	A	1
XPXXXXU	X	P	X	X	X	X	U	1
XUAAPAA	X	U	A	A	P	A	A	1
XUAAPXA	X	U	A	A	P	X	A	1
XUAPPAA	X	U	A	P	P	A	A	1
XUAPPAU	X	U	A	P	P	A	U	1
XUAPPPA	X	U	A	P	P	P	A	1
XUAPXPA	X	U	A	P	X	P	A	1
XUAUPUA	X	U	A	U	P	U	A	1
XUAXXAA	X	U	A	X	X	A	A	1
XUPAAAP	X	U	P	A	A	A	P	1
XUPAPPA	X	U	P	A	P	P	A	1
XUPAXPA	X	U	P	A	X	P	A	1
XUPPAPP	X	U	P	P	A	P	P	1
XUPPPAP	X	U	P	P	P	A	P	1
XUPPPPA	X	U	P	P	P	P	A	1
XUPUUPU	X	U	P	U	U	P	U	1
XUPUXPP	X	U	P	U	X	P	P	1
XUPUXUP	X	U	P	U	X	U	P	1
XUPXAPA	X	U	P	X	A	P	A	1
XUPXPAP	X	U	P	X	P	A	P	1
XUPXPPA	X	U	P	X	P	P	A	1
XUPXXPX	X	U	P	X	X	P	X	1
XUPXXUP	X	U	P	X	X	U	P	1
XUUAPAA	X	U	U	A	P	A	A	1
XUUAPUP	X	U	U	A	P	U	P	1
XUUAPUU	X	U	U	A	P	U	U	1
XUUPUUP	X	U	U	P	U	U	P	1
XUUPXUP	X	U	U	P	X	U	P	1
XUUUPPU	X	U	U	U	P	P	U	1
XUUUUPP	X	U	U	U	U	P	P	1
XUUUUPU	X	U	U	U	U	P	U	1
XUUXPUU	X	U	U	X	P	U	U	1
XUXAPPP	X	U	X	A	P	P	P	1
XUXAXPP	X	U	X	A	X	P	P	1
XUXPAPP	X	U	X	P	A	P	P	1
XUXPAPX	X	U	X	P	A	P	X	1
XUXPAXP	X	U	X	P	A	X	P	1
XUXPPPA	X	U	X	P	P	P	A	1
XUXPPPX	X	U	X	P	P	P	X	1
XUXPUPU	X	U	X	P	U	P	U	1
XUXPXUX	X	U	X	P	X	U	X	1
XUXUPPX	X	U	X	U	P	P	X	1
XUXUPUX	X	U	X	U	P	U	X	1
XUXUUAX	X	U	X	U	U	A	X	1
XUXUUPP	X	U	X	U	U	P	P	1
XUXUXPP	X	U	X	U	X	P	P	1
XUXUXUX	X	U	X	U	X	U	X	1
XUXXPPX	X	U	X	X	P	P	X	1
XUXXPXX	X	U	X	X	P	X	X	1
XXAAPAU	X	X	A	A	P	A	U	1
XXAAPPP	X	X	A	A	P	P	P	1
XXAAPUP	X	X	A	A	P	U	P	1
XXAAXAP	X	X	A	A	X	A	P	1
XXAAXXA	X	X	A	A	X	X	A	1
XXAPAUA	X	X	A	P	A	U	A	1
XXAPPAP	X	X	A	P	P	A	P	1
XXAPPAX	X	X	A	P	P	A	X	1
XXAPPXA	X	X	A	P	P	X	A	1
XXAPXAU	X	X	A	P	X	A	U	1
XXAPXPU	X	X	A	P	X	P	U	1
XXAPXXU	X	X	A	P	X	X	U	1
XXAUXPA	X	X	A	U	X	P	A	1
XXAXAAA	X	X	A	X	A	A	A	1
XXAXAAX	X	X	A	X	A	A	X	1
XXAXPAA	X	X	A	X	P	A	A	1
XXAXPXA	X	X	A	X	P	X	A	1
XXAXXPA	X	X	A	X	X	P	A	1
XXAXXPX	X	X	A	X	X	P	X	1
XXMPXPU	X	X	M	P	X	P	U	1
XXPAUAP	X	X	P	A	U	A	P	1
XXPAXPU	X	X	P	A	X	P	U	1
XXPAXXP	X	X	P	A	X	X	P	1
XXPAXXX	X	X	P	A	X	X	X	1
XXPPAPU	X	X	P	P	A	P	U	1
XXPPAXP	X	X	P	P	A	X	P	1
XXPPUPX	X	X	P	P	U	P	X	1
XXPPXUU	X	X	P	P	X	U	U	1
XXPPXUX	X	X	P	P	X	U	X	1
XXPPXXU	X	X	P	P	X	X	U	1
XXPUPPA	X	X	P	U	P	P	A	1
XXPUUPP	X	X	P	U	U	P	P	1
XXPUXUP	X	X	P	U	X	U	P	1
XXPUXUX	X	X	P	U	X	U	X	1
XXPXAAP	X	X	P	X	A	A	P	1
XXPXAPA	X	X	P	X	A	P	A	1
XXPXAXX	X	X	P	X	A	X	X	1
XXPXPPU	X	X	P	X	P	P	U	1
XXPXUPP	X	X	P	X	U	P	P	1
XXPXXXX	X	X	P	X	X	X	X	1
XXUAAUU	X	X	U	A	A	U	U	1
XXUAPUP	X	X	U	A	P	U	P	1
XXUAXPU	X	X	U	A	X	P	U	1
XXUPPPP	X	X	U	P	P	P	P	1
XXUPPPU	X	X	U	P	P	P	U	1
XXUPPXU	X	X	U	P	P	X	U	1
XXUPXPX	X	X	U	P	X	P	X	1
XXUUAAU	X	X	U	U	A	A	U	1
XXUUXUP	X	X	U	U	X	U	P	1
XXUXPAP	X	X	U	X	P	A	P	1
XXUXPUA	X	X	U	X	P	U	A	1
XXXAAPP	X	X	X	A	A	P	P	1
XXXAPXX	X	X	X	A	P	X	X	1
XXXAUPX	X	X	X	A	U	P	X	1
XXXPAXP	X	X	X	P	A	X	P	1
XXXPPAP	X	X	X	P	P	A	P	1
XXXPUPP	X	X	X	P	U	P	P	1
XXXPUPX	X	X	X	P	U	P	X	1
XXXPUUX	X	X	X	P	U	U	X	1
XXXPXAA	X	X	X	P	X	A	A	1
XXXUPAP	X	X	X	U	P	A	P	1
XXXUPUX	X	X	X	U	P	U	X	1
XXXUUPX	X	X	X	U	U	P	X	1
XXXUXUX	X	X	X	U	X	U	X	1
XXXXAPA	X	X	X	X	A	P	A	1
XXXXAXA	X	X	X	X	A	X	A	1
XXXXAXX	X	X	X	X	A	X	X	1
XXXXUPP	X	X	X	X	U	P	P	1
XXXXUXX	X	X	X	X	U	X	X	1
XXXXXPA	X	X	X	X	X	P	A	1
XXXXXUA	X	X	X	X	X	U	A	1
XXXXXXA	X	X	X	X	X	X	A	1
