pair	status	seconds	mp_pm_sine
dva-mix	ok	6475s	  10935 MP    9325 PM   41001 SINE 
dva-nai	ok	6742s	   7889 MP    4279 PM   42627 SINE 
nai-mix	ok	6802s	  11177 MP    8797 PM   39186 SINE 
dva-unm	ok	5598s	   2700 MP    2704 PM   58398 SINE 
dva-unp	ok	6346s	   8999 MP   10679 PM   38888 SINE 
nai-unp	ok	6195s	   7528 MP    4495 PM   49173 SINE 
nai-unm	ok	6036s	   6288 MP    2886 PM   55055 SINE 
dva-arm	ok	6068s	    927 MP    4177 PM   53893 SINE 
mix-arm	ok	6715s	   7953 MP   11003 PM   39711 SINE 
unp-unm	ok	5992s	  10276 MP   10606 PM   45276 SINE 
arm-unp	ok	6786s	  11848 MP    9469 PM   35324 SINE 
arm-unm	ok	6049s	   6188 MP    2728 PM   54072 SINE 
mix-unp	ok	5661s	   7740 MP    7835 PM   49496 SINE 
mix-unm	ok	6063s	  10871 MP   10598 PM   46993 SINE 
nai-arm	ok	7321s	   7349 MP    7438 PM   39012 SINE 
dva-dvl	ok	9009s	   2203 MP     455 PM   84078 SINE 
mix-dvl	ok	8552s	  11776 MP   12663 PM   58975 SINE 
nai-dvl	ok	11215s	   9023 MP    6038 PM   63904 SINE 
arm-dvl	ok	9881s	   5784 MP    1173 PM   77122 SINE 
unm-dvl	ok	6849s	   3948 MP    3735 PM   82996 SINE 
unp-dvl	ok	8179s	  11531 MP   12304 PM   56607 SINE 
